Date,Store,Spending Category,Sales,Cost
1/1/2017,1,Salary,11382,12861.66
1/1/2017,1,Rent,4250,4377.5
1/1/2017,1,Utilities,1370,1548.1
1/1/2017,1,Security,696,786.48
1/1/2017,1,Stationery,179,168.26
1/1/2017,1,Marketing,1734,1716.66
1/1/2017,1,Miscelaneous,903,903
2/1/2017,1,Salary,11222,11895.32
2/1/2017,1,Rent,4251,4633.59
2/1/2017,1,Utilities,980,999.6
2/1/2017,1,Security,530,471.7
2/1/2017,1,Stationery,248,240.56
2/1/2017,1,Marketing,3256,3549.04
2/1/2017,1,Miscelaneous,923,812.24
3/1/2017,1,Salary,12167,10341.95
3/1/2017,1,Rent,4252,4464.6
3/1/2017,1,Utilities,811,778.56
3/1/2017,1,Security,506,475.64
3/1/2017,1,Stationery,129,123.84
3/1/2017,1,Marketing,2366,2295.02
3/1/2017,1,Miscelaneous,910,1010.1
4/1/2017,1,Salary,14805,14212.8
4/1/2017,1,Rent,4253,4380.59
4/1/2017,1,Utilities,663,663
4/1/2017,1,Security,562,533.9
4/1/2017,1,Stationery,173,157.43
4/1/2017,1,Marketing,3937,3503.93
4/1/2017,1,Miscelaneous,1071,1167.39
5/1/2017,1,Salary,11892,10346.04
5/1/2017,1,Rent,4254,4509.24
5/1/2017,1,Utilities,1457,1296.73
5/1/2017,1,Security,517,594.55
5/1/2017,1,Stationery,239,246.17
5/1/2017,1,Marketing,1545,1529.55
5/1/2017,1,Miscelaneous,1492,1521.84
6/1/2017,1,Salary,13874,14012.74
6/1/2017,1,Rent,4255,4595.4
6/1/2017,1,Utilities,1162,1138.76
6/1/2017,1,Security,669,735.9
6/1/2017,1,Stationery,318,292.56
6/1/2017,1,Marketing,2298,2527.8
6/1/2017,1,Miscelaneous,1466,1466
7/1/2017,1,Salary,13202,12277.86
7/1/2017,1,Rent,4256,3489.92
7/1/2017,1,Utilities,713,584.66
7/1/2017,1,Security,447,415.71
7/1/2017,1,Stationery,316,363.4
7/1/2017,1,Marketing,3994,3354.96
7/1/2017,1,Miscelaneous,1791,1862.64
8/1/2017,1,Salary,10718,12325.7
8/1/2017,1,Rent,4257,4171.86
8/1/2017,1,Utilities,1361,1129.63
8/1/2017,1,Security,778,622.4
8/1/2017,1,Stationery,153,136.17
8/1/2017,1,Marketing,2270,2270
8/1/2017,1,Miscelaneous,1285,1336.4
9/1/2017,1,Salary,11169,10722.24
9/1/2017,1,Rent,4258,4854.12
9/1/2017,1,Utilities,1231,1329.48
9/1/2017,1,Security,687,556.47
9/1/2017,1,Stationery,247,254.41
9/1/2017,1,Marketing,3335,3768.55
9/1/2017,1,Miscelaneous,1781,1709.76
10/1/2017,1,Salary,12452,12078.44
10/1/2017,1,Rent,4259,3577.56
10/1/2017,1,Utilities,998,1047.9
10/1/2017,1,Security,420,436.8
10/1/2017,1,Stationery,155,161.2
10/1/2017,1,Marketing,3055,2780.05
10/1/2017,1,Miscelaneous,1825,1879.75
11/1/2017,1,Salary,13709,12749.37
11/1/2017,1,Rent,4260,4217.4
11/1/2017,1,Utilities,701,616.88
11/1/2017,1,Security,729,619.65
11/1/2017,1,Stationery,100,113
11/1/2017,1,Marketing,2400,1920
11/1/2017,1,Miscelaneous,1325,1351.5
12/1/2017,1,Salary,10493,10073.28
12/1/2017,1,Rent,4261,3451.41
12/1/2017,1,Utilities,1010,939.3
12/1/2017,1,Security,789,836.34
12/1/2017,1,Stationery,255,239.7
12/1/2017,1,Marketing,3854,4393.56
12/1/2017,1,Miscelaneous,603,669.33
1/1/2018,1,Salary,11614,12543.12
1/1/2018,1,Rent,4262,3921.04
1/1/2018,1,Utilities,1189,986.87
1/1/2018,1,Security,755,785.2
1/1/2018,1,Stationery,310,272.8
1/1/2018,1,Marketing,1805,1588.4
1/1/2018,1,Miscelaneous,1778,1706.88
2/1/2018,1,Salary,10858,10206.52
2/1/2018,1,Rent,4263,4263
2/1/2018,1,Utilities,1029,1111.32
2/1/2018,1,Security,640,588.8
2/1/2018,1,Stationery,237,194.34
2/1/2018,1,Marketing,2813,2841.13
2/1/2018,1,Miscelaneous,1699,1631.04
3/1/2018,1,Salary,12509,14385.35
3/1/2018,1,Rent,4264,4221.36
3/1/2018,1,Utilities,1131,1176.24
3/1/2018,1,Security,467,420.3
3/1/2018,1,Stationery,325,289.25
3/1/2018,1,Marketing,3857,3779.86
3/1/2018,1,Miscelaneous,1109,1097.91
4/1/2018,1,Salary,10386,9762.84
4/1/2018,1,Rent,4265,3539.95
4/1/2018,1,Utilities,871,853.58
4/1/2018,1,Security,415,406.7
4/1/2018,1,Stationery,346,342.54
4/1/2018,1,Marketing,3102,3164.04
4/1/2018,1,Miscelaneous,1609,1673.36
5/1/2018,1,Salary,11997,9597.6
5/1/2018,1,Rent,4266,4436.64
5/1/2018,1,Utilities,891,739.53
5/1/2018,1,Security,414,343.62
5/1/2018,1,Stationery,241,209.67
5/1/2018,1,Marketing,3670,3303
5/1/2018,1,Miscelaneous,1649,1632.51
6/1/2018,1,Salary,11316,11881.8
6/1/2018,1,Rent,4267,4181.66
6/1/2018,1,Utilities,766,766
6/1/2018,1,Security,411,394.56
6/1/2018,1,Stationery,288,293.76
6/1/2018,1,Marketing,3064,3033.36
6/1/2018,1,Miscelaneous,892,731.44
7/1/2018,1,Salary,13332,15198.48
7/1/2018,1,Rent,4268,4268
7/1/2018,1,Utilities,772,741.12
7/1/2018,1,Security,674,653.78
7/1/2018,1,Stationery,209,186.01
7/1/2018,1,Marketing,3609,3572.91
7/1/2018,1,Miscelaneous,1715,1372
8/1/2018,1,Salary,13468,15084.16
8/1/2018,1,Rent,4269,4439.76
8/1/2018,1,Utilities,1392,1433.76
8/1/2018,1,Security,570,598.5
8/1/2018,1,Stationery,243,245.43
8/1/2018,1,Marketing,2095,1696.95
8/1/2018,1,Miscelaneous,1405,1320.7
9/1/2018,1,Salary,11599,12874.89
9/1/2018,1,Rent,4270,4355.4
9/1/2018,1,Utilities,1478,1596.24
9/1/2018,1,Security,846,820.62
9/1/2018,1,Stationery,203,198.94
9/1/2018,1,Marketing,2234,2345.7
9/1/2018,1,Miscelaneous,1297,1322.94
10/1/2018,1,Salary,10924,8848.44
10/1/2018,1,Rent,4271,4484.55
10/1/2018,1,Utilities,1195,1135.25
10/1/2018,1,Security,745,767.35
10/1/2018,1,Stationery,258,270.9
10/1/2018,1,Marketing,1547,1593.41
10/1/2018,1,Miscelaneous,912,811.68
11/1/2018,1,Salary,14200,14768
11/1/2018,1,Rent,4272,3417.6
11/1/2018,1,Utilities,948,976.44
11/1/2018,1,Security,428,483.64
11/1/2018,1,Stationery,136,141.44
11/1/2018,1,Marketing,2305,2258.9
11/1/2018,1,Miscelaneous,1174,1068.34
12/1/2018,1,Salary,10693,9944.49
12/1/2018,1,Rent,4273,3717.51
12/1/2018,1,Utilities,651,709.59
12/1/2018,1,Security,702,694.98
12/1/2018,1,Stationery,220,206.8
12/1/2018,1,Marketing,1782,1728.54
12/1/2018,1,Miscelaneous,1792,1666.56
1/1/2019,1,Salary,11117,12006.36
1/1/2019,1,Rent,4274,4060.3
1/1/2019,1,Utilities,1484,1202.04
1/1/2019,1,Security,624,580.32
1/1/2019,1,Stationery,341,351.23
1/1/2019,1,Marketing,2441,2611.87
1/1/2019,1,Miscelaneous,1127,1194.62
2/1/2019,1,Salary,12487,11987.52
2/1/2019,1,Rent,4275,4617
2/1/2019,1,Utilities,1061,870.02
2/1/2019,1,Security,530,503.5
2/1/2019,1,Stationery,151,146.47
2/1/2019,1,Marketing,3472,3367.84
2/1/2019,1,Miscelaneous,652,665.04
3/1/2019,1,Salary,11559,11790.18
3/1/2019,1,Rent,4276,4062.2
3/1/2019,1,Utilities,1273,1196.62
3/1/2019,1,Security,725,580
3/1/2019,1,Stationery,274,304.14
3/1/2019,1,Marketing,3009,3370.08
3/1/2019,1,Miscelaneous,522,475.02
4/1/2019,1,Salary,12870,11454.3
4/1/2019,1,Rent,4277,3549.91
4/1/2019,1,Utilities,1185,1019.1
4/1/2019,1,Security,445,471.7
4/1/2019,1,Stationery,236,224.2
4/1/2019,1,Marketing,2480,2132.8
4/1/2019,1,Miscelaneous,1839,1820.61
5/1/2019,1,Salary,10817,9951.64
5/1/2019,1,Rent,4278,3978.54
5/1/2019,1,Utilities,1489,1250.76
5/1/2019,1,Security,875,778.75
5/1/2019,1,Stationery,335,378.55
5/1/2019,1,Marketing,1896,2142.48
5/1/2019,1,Miscelaneous,1746,1798.38
6/1/2019,1,Salary,14228,12520.64
6/1/2019,1,Rent,4279,4578.53
6/1/2019,1,Utilities,608,620.16
6/1/2019,1,Security,730,686.2
6/1/2019,1,Stationery,176,195.36
6/1/2019,1,Marketing,2551,2372.43
6/1/2019,1,Miscelaneous,500,510
7/1/2019,1,Salary,12132,12859.92
7/1/2019,1,Rent,4280,4793.6
7/1/2019,1,Utilities,1239,1164.66
7/1/2019,1,Security,631,567.9
7/1/2019,1,Stationery,166,134.46
7/1/2019,1,Marketing,2797,2685.12
7/1/2019,1,Miscelaneous,613,674.3
8/1/2019,1,Salary,14557,16158.27
8/1/2019,1,Rent,4281,4880.34
8/1/2019,1,Utilities,1244,1194.24
8/1/2019,1,Security,750,787.5
8/1/2019,1,Stationery,117,100.62
8/1/2019,1,Marketing,3616,3832.96
8/1/2019,1,Miscelaneous,1699,1936.86
9/1/2019,1,Salary,12368,14099.52
9/1/2019,1,Rent,4282,4795.84
9/1/2019,1,Utilities,1346,1440.22
9/1/2019,1,Security,567,493.29
9/1/2019,1,Stationery,287,241.08
9/1/2019,1,Marketing,2240,1971.2
9/1/2019,1,Miscelaneous,895,921.85
10/1/2019,1,Salary,14026,14727.3
10/1/2019,1,Rent,4283,4711.3
10/1/2019,1,Utilities,1172,996.2
10/1/2019,1,Security,877,710.37
10/1/2019,1,Stationery,117,128.7
10/1/2019,1,Marketing,3775,4001.5
10/1/2019,1,Miscelaneous,1661,1910.15
11/1/2019,1,Salary,10968,10748.64
11/1/2019,1,Rent,4284,4626.72
11/1/2019,1,Utilities,1266,1443.24
11/1/2019,1,Security,602,686.28
11/1/2019,1,Stationery,189,198.45
11/1/2019,1,Marketing,1891,2023.37
11/1/2019,1,Miscelaneous,1097,943.42
12/1/2019,1,Salary,10601,11131.05
12/1/2019,1,Rent,4285,4499.25
12/1/2019,1,Utilities,727,617.95
12/1/2019,1,Security,890,827.7
12/1/2019,1,Stationery,315,270.9
12/1/2019,1,Marketing,3284,3218.32
12/1/2019,1,Miscelaneous,535,535
1/1/2017,2,Salary,13470,13739.4
1/1/2017,2,Rent,4285,4156.45
1/1/2017,2,Utilities,1027,1119.43
1/1/2017,2,Security,616,671.44
1/1/2017,2,Stationery,343,305.27
1/1/2017,2,Marketing,3388,2947.56
1/1/2017,2,Miscelaneous,1745,1727.55
2/1/2017,2,Salary,13739,11128.59
2/1/2017,2,Rent,4286,4757.46
2/1/2017,2,Utilities,1453,1467.53
2/1/2017,2,Security,545,457.8
2/1/2017,2,Stationery,275,286
2/1/2017,2,Marketing,3465,3395.7
2/1/2017,2,Miscelaneous,839,721.54
3/1/2017,2,Salary,13509,11617.74
3/1/2017,2,Rent,4287,4158.39
3/1/2017,2,Utilities,737,604.34
3/1/2017,2,Security,663,762.45
3/1/2017,2,Stationery,154,158.62
3/1/2017,2,Marketing,1598,1677.9
3/1/2017,2,Miscelaneous,1572,1556.28
4/1/2017,2,Salary,12808,10886.8
4/1/2017,2,Rent,4288,4502.4
4/1/2017,2,Utilities,1255,1443.25
4/1/2017,2,Security,528,501.6
4/1/2017,2,Stationery,335,348.4
4/1/2017,2,Marketing,2699,2779.97
4/1/2017,2,Miscelaneous,808,775.68
5/1/2017,2,Salary,12115,10782.35
5/1/2017,2,Rent,4289,4632.12
5/1/2017,2,Utilities,1017,1098.36
5/1/2017,2,Security,766,811.96
5/1/2017,2,Stationery,112,115.36
5/1/2017,2,Marketing,2361,1888.8
5/1/2017,2,Miscelaneous,1651,1667.51
6/1/2017,2,Salary,10475,11627.25
6/1/2017,2,Rent,4290,4676.1
6/1/2017,2,Utilities,713,641.7
6/1/2017,2,Security,506,531.3
6/1/2017,2,Stationery,190,207.1
6/1/2017,2,Marketing,3249,2989.08
6/1/2017,2,Miscelaneous,1824,1641.6
7/1/2017,2,Salary,11959,12198.18
7/1/2017,2,Rent,4291,3776.08
7/1/2017,2,Utilities,1417,1133.6
7/1/2017,2,Security,727,792.43
7/1/2017,2,Stationery,282,279.18
7/1/2017,2,Marketing,3669,3889.14
7/1/2017,2,Miscelaneous,777,769.23
8/1/2017,2,Salary,10798,10042.14
8/1/2017,2,Rent,4292,4420.76
8/1/2017,2,Utilities,1002,1142.28
8/1/2017,2,Security,438,359.16
8/1/2017,2,Stationery,176,177.76
8/1/2017,2,Marketing,1923,1865.31
8/1/2017,2,Miscelaneous,1185,1125.75
9/1/2017,2,Salary,11211,12332.1
9/1/2017,2,Rent,4293,4293
9/1/2017,2,Utilities,885,849.6
9/1/2017,2,Security,527,495.38
9/1/2017,2,Stationery,200,172
9/1/2017,2,Marketing,2045,2188.15
9/1/2017,2,Miscelaneous,1620,1506.6
10/1/2017,2,Salary,13710,14395.5
10/1/2017,2,Rent,4294,4036.36
10/1/2017,2,Utilities,1423,1280.7
10/1/2017,2,Security,883,856.51
10/1/2017,2,Stationery,129,143.19
10/1/2017,2,Marketing,3095,2599.8
10/1/2017,2,Miscelaneous,693,741.51
11/1/2017,2,Salary,11254,11028.92
11/1/2017,2,Rent,4295,3436
11/1/2017,2,Utilities,1004,1014.04
11/1/2017,2,Security,608,498.56
11/1/2017,2,Stationery,255,242.25
11/1/2017,2,Marketing,1636,1636
11/1/2017,2,Miscelaneous,1449,1260.63
12/1/2017,2,Salary,12034,10228.9
12/1/2017,2,Rent,4296,3952.32
12/1/2017,2,Utilities,664,677.28
12/1/2017,2,Security,773,657.05
12/1/2017,2,Stationery,326,368.38
12/1/2017,2,Marketing,2434,2774.76
12/1/2017,2,Miscelaneous,1271,1423.52
1/1/2018,2,Salary,14025,11220
1/1/2018,2,Rent,4297,4812.64
1/1/2018,2,Utilities,972,835.92
1/1/2018,2,Security,454,522.1
1/1/2018,2,Stationery,267,304.38
1/1/2018,2,Marketing,2239,1858.37
1/1/2018,2,Miscelaneous,827,769.11
2/1/2018,2,Salary,13554,15587.1
2/1/2018,2,Rent,4298,4426.94
2/1/2018,2,Utilities,649,564.63
2/1/2018,2,Security,621,552.69
2/1/2018,2,Stationery,197,189.12
2/1/2018,2,Marketing,2402,2714.26
2/1/2018,2,Miscelaneous,666,619.38
3/1/2018,2,Salary,11833,10413.04
3/1/2018,2,Rent,4299,4943.85
3/1/2018,2,Utilities,1340,1460.6
3/1/2018,2,Security,490,441
3/1/2018,2,Stationery,160,144
3/1/2018,2,Marketing,2284,1941.4
3/1/2018,2,Miscelaneous,1591,1336.44
4/1/2018,2,Salary,14863,15011.63
4/1/2018,2,Rent,4300,3698
4/1/2018,2,Utilities,1144,1132.56
4/1/2018,2,Security,557,518.01
4/1/2018,2,Stationery,347,364.35
4/1/2018,2,Marketing,3230,3100.8
4/1/2018,2,Miscelaneous,1070,930.9
5/1/2018,2,Salary,11080,11412.4
5/1/2018,2,Rent,4301,3870.9
5/1/2018,2,Utilities,710,759.7
5/1/2018,2,Security,558,468.72
5/1/2018,2,Stationery,141,126.9
5/1/2018,2,Marketing,3357,2685.6
5/1/2018,2,Miscelaneous,1481,1214.42
6/1/2018,2,Salary,14765,14469.7
6/1/2018,2,Rent,4302,4947.3
6/1/2018,2,Utilities,806,838.24
6/1/2018,2,Security,408,359.04
6/1/2018,2,Stationery,174,154.86
6/1/2018,2,Marketing,3013,2621.31
6/1/2018,2,Miscelaneous,545,610.4
7/1/2018,2,Salary,10780,11319
7/1/2018,2,Rent,4303,4130.88
7/1/2018,2,Utilities,764,764
7/1/2018,2,Security,543,494.13
7/1/2018,2,Stationery,315,302.4
7/1/2018,2,Marketing,1877,2102.24
7/1/2018,2,Miscelaneous,819,843.57
8/1/2018,2,Salary,10918,8734.4
8/1/2018,2,Rent,4304,3572.32
8/1/2018,2,Utilities,861,688.8
8/1/2018,2,Security,477,543.78
8/1/2018,2,Stationery,195,181.35
8/1/2018,2,Marketing,3883,4232.47
8/1/2018,2,Miscelaneous,1778,1689.1
9/1/2018,2,Salary,14580,15892.2
9/1/2018,2,Rent,4305,4434.15
9/1/2018,2,Utilities,1036,880.6
9/1/2018,2,Security,722,635.36
9/1/2018,2,Stationery,153,133.11
9/1/2018,2,Marketing,2853,2967.12
9/1/2018,2,Miscelaneous,1345,1116.35
10/1/2018,2,Salary,13432,12760.4
10/1/2018,2,Rent,4306,4306
10/1/2018,2,Utilities,656,524.8
10/1/2018,2,Security,810,899.1
10/1/2018,2,Stationery,269,298.59
10/1/2018,2,Marketing,3195,2715.75
10/1/2018,2,Miscelaneous,937,1068.18
11/1/2018,2,Salary,10781,8624.8
11/1/2018,2,Rent,4307,4694.63
11/1/2018,2,Utilities,1024,1054.72
11/1/2018,2,Security,484,440.44
11/1/2018,2,Stationery,336,332.64
11/1/2018,2,Marketing,3400,2720
11/1/2018,2,Miscelaneous,1962,1648.08
12/1/2018,2,Salary,13481,11728.47
12/1/2018,2,Rent,4308,4911.12
12/1/2018,2,Utilities,1163,1011.81
12/1/2018,2,Security,766,811.96
12/1/2018,2,Stationery,210,176.4
12/1/2018,2,Marketing,2014,1933.44
12/1/2018,2,Miscelaneous,811,746.12
1/1/2019,2,Salary,13958,15912.12
1/1/2019,2,Rent,4309,3533.38
1/1/2019,2,Utilities,1438,1366.1
1/1/2019,2,Security,613,692.69
1/1/2019,2,Stationery,100,87
1/1/2019,2,Marketing,3485,3275.9
1/1/2019,2,Miscelaneous,619,656.14
2/1/2019,2,Salary,14890,13996.6
2/1/2019,2,Rent,4310,3879
2/1/2019,2,Utilities,793,824.72
2/1/2019,2,Security,773,780.73
2/1/2019,2,Stationery,320,291.2
2/1/2019,2,Marketing,1605,1396.35
2/1/2019,2,Miscelaneous,557,573.71
3/1/2019,2,Salary,13306,12507.64
3/1/2019,2,Rent,4311,4785.21
3/1/2019,2,Utilities,936,917.28
3/1/2019,2,Security,621,596.16
3/1/2019,2,Stationery,297,261.36
3/1/2019,2,Marketing,3873,4105.38
3/1/2019,2,Miscelaneous,668,561.12
4/1/2019,2,Salary,11633,9539.06
4/1/2019,2,Rent,4312,4786.32
4/1/2019,2,Utilities,1255,1430.7
4/1/2019,2,Security,410,418.2
4/1/2019,2,Stationery,103,109.18
4/1/2019,2,Marketing,3872,3717.12
4/1/2019,2,Miscelaneous,1798,1977.8
5/1/2019,2,Salary,11003,11223.06
5/1/2019,2,Rent,4313,4830.56
5/1/2019,2,Utilities,672,591.36
5/1/2019,2,Security,538,538
5/1/2019,2,Stationery,323,297.16
5/1/2019,2,Marketing,2040,2162.4
5/1/2019,2,Miscelaneous,1894,2064.46
6/1/2019,2,Salary,14797,14649.03
6/1/2019,2,Rent,4314,4615.98
6/1/2019,2,Utilities,1099,1120.98
6/1/2019,2,Security,689,654.55
6/1/2019,2,Stationery,249,286.35
6/1/2019,2,Marketing,1778,1493.52
6/1/2019,2,Miscelaneous,1725,1966.5
7/1/2019,2,Salary,14171,13887.58
7/1/2019,2,Rent,4315,3926.65
7/1/2019,2,Utilities,872,941.76
7/1/2019,2,Security,760,813.2
7/1/2019,2,Stationery,268,227.8
7/1/2019,2,Marketing,3596,3991.56
7/1/2019,2,Miscelaneous,870,722.1
8/1/2019,2,Salary,12752,11604.32
8/1/2019,2,Rent,4316,4445.48
8/1/2019,2,Utilities,748,852.72
8/1/2019,2,Security,732,783.24
8/1/2019,2,Stationery,158,170.64
8/1/2019,2,Marketing,2992,2662.88
8/1/2019,2,Miscelaneous,1289,1082.76
9/1/2019,2,Salary,11970,11491.2
9/1/2019,2,Rent,4317,4964.55
9/1/2019,2,Utilities,747,739.53
9/1/2019,2,Security,507,486.72
9/1/2019,2,Stationery,159,128.79
9/1/2019,2,Marketing,3931,3891.69
9/1/2019,2,Miscelaneous,686,692.86
10/1/2019,2,Salary,11973,11733.54
10/1/2019,2,Rent,4318,3843.02
10/1/2019,2,Utilities,1009,1069.54
10/1/2019,2,Security,878,869.22
10/1/2019,2,Stationery,304,261.44
10/1/2019,2,Marketing,3230,2810.1
10/1/2019,2,Miscelaneous,1320,1135.2
11/1/2019,2,Salary,13420,13554.2
11/1/2019,2,Rent,4319,4880.47
11/1/2019,2,Utilities,1456,1587.04
11/1/2019,2,Security,814,805.86
11/1/2019,2,Stationery,208,172.64
11/1/2019,2,Marketing,2211,2166.78
11/1/2019,2,Miscelaneous,1327,1247.38
12/1/2019,2,Salary,13031,10815.73
12/1/2019,2,Rent,4320,4579.2
12/1/2019,2,Utilities,1307,1084.81
12/1/2019,2,Security,661,707.27
12/1/2019,2,Stationery,224,206.08
12/1/2019,2,Marketing,1803,1857.09
12/1/2019,2,Miscelaneous,1315,1341.3
1/1/2017,3,Salary,13890,13056.6
1/1/2017,3,Rent,4321,4969.15
1/1/2017,3,Utilities,1435,1291.5
1/1/2017,3,Security,420,382.2
1/1/2017,3,Stationery,144,125.28
1/1/2017,3,Marketing,1903,2093.3
1/1/2017,3,Miscelaneous,1554,1631.7
2/1/2017,3,Salary,11701,12403.06
2/1/2017,3,Rent,4322,3716.92
2/1/2017,3,Utilities,1038,1058.76
2/1/2017,3,Security,533,469.04
2/1/2017,3,Stationery,347,308.83
2/1/2017,3,Marketing,2925,2691
2/1/2017,3,Miscelaneous,803,891.33
3/1/2017,3,Salary,10322,11767.08
3/1/2017,3,Rent,4323,3847.47
3/1/2017,3,Utilities,1242,1328.94
3/1/2017,3,Security,514,544.84
3/1/2017,3,Stationery,194,180.42
3/1/2017,3,Marketing,3816,3472.56
3/1/2017,3,Miscelaneous,704,675.84
4/1/2017,3,Salary,14646,12595.56
4/1/2017,3,Rent,4324,3805.12
4/1/2017,3,Utilities,640,684.8
4/1/2017,3,Security,831,664.8
4/1/2017,3,Stationery,300,249
4/1/2017,3,Marketing,1582,1313.06
4/1/2017,3,Miscelaneous,635,520.7
5/1/2017,3,Salary,13492,14301.52
5/1/2017,3,Rent,4325,3762.75
5/1/2017,3,Utilities,808,832.24
5/1/2017,3,Security,797,685.42
5/1/2017,3,Stationery,133,122.36
5/1/2017,3,Marketing,1949,1910.02
5/1/2017,3,Miscelaneous,1973,1657.32
6/1/2017,3,Salary,12803,11778.76
6/1/2017,3,Rent,4326,3850.14
6/1/2017,3,Utilities,1116,1261.08
6/1/2017,3,Security,668,681.36
6/1/2017,3,Stationery,164,168.92
6/1/2017,3,Marketing,2660,3005.8
6/1/2017,3,Miscelaneous,1082,995.44
7/1/2017,3,Salary,11863,11744.37
7/1/2017,3,Rent,4327,4716.43
7/1/2017,3,Utilities,1154,1223.24
7/1/2017,3,Security,548,613.76
7/1/2017,3,Stationery,314,304.58
7/1/2017,3,Marketing,2743,2358.98
7/1/2017,3,Miscelaneous,657,742.41
8/1/2017,3,Salary,11446,9156.8
8/1/2017,3,Rent,4328,3851.92
8/1/2017,3,Utilities,1371,1371
8/1/2017,3,Security,548,569.92
8/1/2017,3,Stationery,138,125.58
8/1/2017,3,Marketing,3082,2958.72
8/1/2017,3,Miscelaneous,1085,976.5
9/1/2017,3,Salary,13065,11366.55
9/1/2017,3,Rent,4329,4069.26
9/1/2017,3,Utilities,686,761.46
9/1/2017,3,Security,708,729.24
9/1/2017,3,Stationery,307,310.07
9/1/2017,3,Marketing,2271,2180.16
9/1/2017,3,Miscelaneous,1932,1680.84
10/1/2017,3,Salary,14111,13687.67
10/1/2017,3,Rent,4330,3810.4
10/1/2017,3,Utilities,954,810.9
10/1/2017,3,Security,654,555.9
10/1/2017,3,Stationery,274,265.78
10/1/2017,3,Marketing,3960,3366
10/1/2017,3,Miscelaneous,659,533.79
11/1/2017,3,Salary,13611,11161.02
11/1/2017,3,Rent,4331,4374.31
11/1/2017,3,Utilities,960,873.6
11/1/2017,3,Security,834,959.1
11/1/2017,3,Stationery,239,215.1
11/1/2017,3,Marketing,2891,2862.09
11/1/2017,3,Miscelaneous,1941,1921.59
12/1/2017,3,Salary,11498,9198.4
12/1/2017,3,Rent,4332,3638.88
12/1/2017,3,Utilities,1473,1531.92
12/1/2017,3,Security,413,379.96
12/1/2017,3,Stationery,206,183.34
12/1/2017,3,Marketing,2591,2487.36
12/1/2017,3,Miscelaneous,1299,1428.9
1/1/2018,3,Salary,11316,12108.12
1/1/2018,3,Rent,4333,3639.72
1/1/2018,3,Utilities,1410,1480.5
1/1/2018,3,Security,900,954
1/1/2018,3,Stationery,232,222.72
1/1/2018,3,Marketing,3601,3492.97
1/1/2018,3,Miscelaneous,1349,1268.06
2/1/2018,3,Salary,12800,13056
2/1/2018,3,Rent,4334,4897.42
2/1/2018,3,Utilities,1378,1281.54
2/1/2018,3,Security,817,653.6
2/1/2018,3,Stationery,264,242.88
2/1/2018,3,Marketing,1515,1272.6
2/1/2018,3,Miscelaneous,1908,1526.4
3/1/2018,3,Salary,12979,10642.78
3/1/2018,3,Rent,4335,3641.4
3/1/2018,3,Utilities,989,870.32
3/1/2018,3,Security,583,664.62
3/1/2018,3,Stationery,260,221
3/1/2018,3,Marketing,1512,1436.4
3/1/2018,3,Miscelaneous,1390,1278.8
4/1/2018,3,Salary,11963,9570.4
4/1/2018,3,Rent,4336,3945.76
4/1/2018,3,Utilities,1406,1420.06
4/1/2018,3,Security,572,491.92
4/1/2018,3,Stationery,129,121.26
4/1/2018,3,Marketing,3183,2769.21
4/1/2018,3,Miscelaneous,737,847.55
5/1/2018,3,Salary,10851,9223.35
5/1/2018,3,Rent,4337,3729.82
5/1/2018,3,Utilities,1484,1246.56
5/1/2018,3,Security,794,706.66
5/1/2018,3,Stationery,228,221.16
5/1/2018,3,Marketing,3504,3258.72
5/1/2018,3,Miscelaneous,1120,1288
6/1/2018,3,Salary,10824,9525.12
6/1/2018,3,Rent,4338,3470.4
6/1/2018,3,Utilities,969,901.17
6/1/2018,3,Security,872,924.32
6/1/2018,3,Stationery,349,401.35
6/1/2018,3,Marketing,2758,2509.78
6/1/2018,3,Miscelaneous,662,728.2
7/1/2018,3,Salary,12305,12058.9
7/1/2018,3,Rent,4339,4208.83
7/1/2018,3,Utilities,1123,1167.92
7/1/2018,3,Security,623,498.4
7/1/2018,3,Stationery,278,275.22
7/1/2018,3,Marketing,1751,1575.9
7/1/2018,3,Miscelaneous,885,938.1
8/1/2018,3,Salary,14572,12677.64
8/1/2018,3,Rent,4340,4253.2
8/1/2018,3,Utilities,1095,1073.1
8/1/2018,3,Security,786,668.1
8/1/2018,3,Stationery,217,227.85
8/1/2018,3,Marketing,3909,3596.28
8/1/2018,3,Miscelaneous,897,905.97
9/1/2018,3,Salary,10840,9539.2
9/1/2018,3,Rent,4341,3776.67
9/1/2018,3,Utilities,609,493.29
9/1/2018,3,Security,859,687.2
9/1/2018,3,Stationery,277,257.61
9/1/2018,3,Marketing,3296,3658.56
9/1/2018,3,Miscelaneous,1116,1138.32
10/1/2018,3,Salary,12764,13785.12
10/1/2018,3,Rent,4342,3603.86
10/1/2018,3,Utilities,634,589.62
10/1/2018,3,Security,825,800.25
10/1/2018,3,Stationery,313,319.26
10/1/2018,3,Marketing,1829,1847.29
10/1/2018,3,Miscelaneous,1513,1664.3
11/1/2018,3,Salary,14454,12719.52
11/1/2018,3,Rent,4343,3691.55
11/1/2018,3,Utilities,997,1146.55
11/1/2018,3,Security,669,742.59
11/1/2018,3,Stationery,321,263.22
11/1/2018,3,Marketing,2563,2537.37
11/1/2018,3,Miscelaneous,826,759.92
12/1/2018,3,Salary,14188,12201.68
12/1/2018,3,Rent,4344,3562.08
12/1/2018,3,Utilities,715,600.6
12/1/2018,3,Security,553,630.42
12/1/2018,3,Stationery,136,118.32
12/1/2018,3,Marketing,3031,3394.72
12/1/2018,3,Miscelaneous,1028,1058.84
1/1/2019,3,Salary,12911,11878.12
1/1/2019,3,Rent,4345,4431.9
1/1/2019,3,Utilities,704,612.48
1/1/2019,3,Security,482,549.48
1/1/2019,3,Stationery,339,352.56
1/1/2019,3,Marketing,2574,2213.64
1/1/2019,3,Miscelaneous,827,727.76
2/1/2019,3,Salary,12817,13073.34
2/1/2019,3,Rent,4346,4780.6
2/1/2019,3,Utilities,944,915.68
2/1/2019,3,Security,695,569.9
2/1/2019,3,Stationery,287,272.65
2/1/2019,3,Marketing,2700,2268
2/1/2019,3,Miscelaneous,866,995.9
3/1/2019,3,Salary,10611,10292.67
3/1/2019,3,Rent,4347,3608.01
3/1/2019,3,Utilities,1079,884.78
3/1/2019,3,Security,450,477
3/1/2019,3,Stationery,245,237.65
3/1/2019,3,Marketing,1700,1836
3/1/2019,3,Miscelaneous,1019,927.29
4/1/2019,3,Salary,12556,10170.36
4/1/2019,3,Rent,4348,3608.84
4/1/2019,3,Utilities,1133,1031.03
4/1/2019,3,Security,607,491.67
4/1/2019,3,Stationery,195,156
4/1/2019,3,Marketing,2088,1858.32
4/1/2019,3,Miscelaneous,1702,1787.1
5/1/2019,3,Salary,12816,11278.08
5/1/2019,3,Rent,4349,3914.1
5/1/2019,3,Utilities,901,747.83
5/1/2019,3,Security,778,723.54
5/1/2019,3,Stationery,147,130.83
5/1/2019,3,Marketing,2087,2003.52
5/1/2019,3,Miscelaneous,1624,1429.12
6/1/2019,3,Salary,14501,14210.98
6/1/2019,3,Rent,4350,4959
6/1/2019,3,Utilities,829,679.78
6/1/2019,3,Security,895,868.15
6/1/2019,3,Stationery,350,399
6/1/2019,3,Marketing,2993,3082.79
6/1/2019,3,Miscelaneous,1311,1232.34
7/1/2019,3,Salary,13005,11834.55
7/1/2019,3,Rent,4351,3741.86
7/1/2019,3,Utilities,1064,883.12
7/1/2019,3,Security,500,460
7/1/2019,3,Stationery,141,114.21
7/1/2019,3,Marketing,3251,3446.06
7/1/2019,3,Miscelaneous,1714,1936.82
8/1/2019,3,Salary,13930,11840.5
8/1/2019,3,Rent,4352,4656.64
8/1/2019,3,Utilities,1438,1509.9
8/1/2019,3,Security,548,608.28
8/1/2019,3,Stationery,186,178.56
8/1/2019,3,Marketing,3638,3492.48
8/1/2019,3,Miscelaneous,1611,1627.11
9/1/2019,3,Salary,12674,11786.82
9/1/2019,3,Rent,4353,4091.82
9/1/2019,3,Utilities,877,824.38
9/1/2019,3,Security,483,516.81
9/1/2019,3,Stationery,212,231.08
9/1/2019,3,Marketing,2150,1870.5
9/1/2019,3,Miscelaneous,889,755.65
10/1/2019,3,Salary,12599,14362.86
10/1/2019,3,Rent,4354,4789.4
10/1/2019,3,Utilities,996,856.56
10/1/2019,3,Security,699,650.07
10/1/2019,3,Stationery,203,166.46
10/1/2019,3,Marketing,2885,3202.35
10/1/2019,3,Miscelaneous,525,493.5
11/1/2019,3,Salary,11641,9662.03
11/1/2019,3,Rent,4355,3571.1
11/1/2019,3,Utilities,604,483.2
11/1/2019,3,Security,747,784.35
11/1/2019,3,Stationery,309,346.08
11/1/2019,3,Marketing,2753,2808.06
11/1/2019,3,Miscelaneous,1608,1415.04
12/1/2019,3,Salary,11252,10464.36
12/1/2019,3,Rent,4356,4530.24
12/1/2019,3,Utilities,1341,1139.85
12/1/2019,3,Security,623,660.38
12/1/2019,3,Stationery,237,272.55
12/1/2019,3,Marketing,2909,2472.65
12/1/2019,3,Miscelaneous,957,1052.7
1/1/2017,4,Salary,10493,9338.77
1/1/2017,4,Rent,4357,4574.85
1/1/2017,4,Utilities,771,724.74
1/1/2017,4,Security,550,489.5
1/1/2017,4,Stationery,156,166.92
1/1/2017,4,Marketing,1788,1859.52
1/1/2017,4,Miscelaneous,1008,846.72
2/1/2017,4,Salary,13245,13774.8
2/1/2017,4,Rent,4358,5011.7
2/1/2017,4,Utilities,1226,1287.3
2/1/2017,4,Security,817,808.83
2/1/2017,4,Stationery,142,146.26
2/1/2017,4,Marketing,3316,3316
2/1/2017,4,Miscelaneous,1840,1895.2
3/1/2017,4,Salary,13619,12665.67
3/1/2017,4,Rent,4359,3966.69
3/1/2017,4,Utilities,1231,1267.93
3/1/2017,4,Security,831,664.8
3/1/2017,4,Stationery,288,264.96
3/1/2017,4,Marketing,3807,4073.49
3/1/2017,4,Miscelaneous,1613,1306.53
4/1/2017,4,Salary,13963,12008.18
4/1/2017,4,Rent,4360,3749.6
4/1/2017,4,Utilities,974,974
4/1/2017,4,Security,408,432.48
4/1/2017,4,Stationery,115,125.35
4/1/2017,4,Marketing,2481,2158.47
4/1/2017,4,Miscelaneous,850,799
5/1/2017,4,Salary,12808,13576.48
5/1/2017,4,Rent,4361,3532.41
5/1/2017,4,Utilities,1474,1208.68
5/1/2017,4,Security,427,384.3
5/1/2017,4,Stationery,118,121.54
5/1/2017,4,Marketing,2175,2066.25
5/1/2017,4,Miscelaneous,1145,1179.35
6/1/2017,4,Salary,14773,13000.24
6/1/2017,4,Rent,4362,4405.62
6/1/2017,4,Utilities,943,895.85
6/1/2017,4,Security,768,714.24
6/1/2017,4,Stationery,127,111.76
6/1/2017,4,Marketing,2721,2612.16
6/1/2017,4,Miscelaneous,1655,1340.55
7/1/2017,4,Salary,14668,14227.96
7/1/2017,4,Rent,4363,4537.52
7/1/2017,4,Utilities,836,886.16
7/1/2017,4,Security,674,754.88
7/1/2017,4,Stationery,308,351.12
7/1/2017,4,Marketing,2374,2160.34
7/1/2017,4,Miscelaneous,721,692.16
8/1/2017,4,Salary,13474,15225.62
8/1/2017,4,Rent,4364,3753.04
8/1/2017,4,Utilities,1168,1296.48
8/1/2017,4,Security,554,570.62
8/1/2017,4,Stationery,305,326.35
8/1/2017,4,Marketing,2872,2843.28
8/1/2017,4,Miscelaneous,1901,1615.85
9/1/2017,4,Salary,14050,14893
9/1/2017,4,Rent,4365,4888.8
9/1/2017,4,Utilities,838,712.3
9/1/2017,4,Security,857,719.88
9/1/2017,4,Stationery,114,126.54
9/1/2017,4,Marketing,2792,3071.2
9/1/2017,4,Miscelaneous,1464,1537.2
10/1/2017,4,Salary,13631,12949.45
10/1/2017,4,Rent,4366,4147.7
10/1/2017,4,Utilities,653,698.71
10/1/2017,4,Security,422,367.14
10/1/2017,4,Stationery,277,246.53
10/1/2017,4,Marketing,3549,3442.53
10/1/2017,4,Miscelaneous,542,509.48
11/1/2017,4,Salary,10993,11212.86
11/1/2017,4,Rent,4367,4061.31
11/1/2017,4,Utilities,661,647.78
11/1/2017,4,Security,692,747.36
11/1/2017,4,Stationery,350,283.5
11/1/2017,4,Marketing,3014,2833.16
11/1/2017,4,Miscelaneous,1462,1622.82
12/1/2017,4,Salary,10654,11186.7
12/1/2017,4,Rent,4368,3538.08
12/1/2017,4,Utilities,1304,1199.68
12/1/2017,4,Security,717,774.36
12/1/2017,4,Stationery,191,206.28
12/1/2017,4,Marketing,3251,2763.35
12/1/2017,4,Miscelaneous,1024,880.64
1/1/2018,4,Salary,10619,9875.67
1/1/2018,4,Rent,4369,4281.62
1/1/2018,4,Utilities,1017,976.32
1/1/2018,4,Security,500,500
1/1/2018,4,Stationery,349,383.9
1/1/2018,4,Marketing,1953,1699.11
1/1/2018,4,Miscelaneous,526,568.08
2/1/2018,4,Salary,12274,13992.36
2/1/2018,4,Rent,4370,4850.7
2/1/2018,4,Utilities,1179,966.78
2/1/2018,4,Security,403,447.33
2/1/2018,4,Stationery,194,157.14
2/1/2018,4,Marketing,3148,2770.24
2/1/2018,4,Miscelaneous,1515,1408.95
3/1/2018,4,Salary,11738,11385.86
3/1/2018,4,Rent,4371,3802.77
3/1/2018,4,Utilities,1052,862.64
3/1/2018,4,Security,444,479.52
3/1/2018,4,Stationery,335,385.25
3/1/2018,4,Marketing,1775,1846
3/1/2018,4,Miscelaneous,1921,1728.9
4/1/2018,4,Salary,12576,11947.2
4/1/2018,4,Rent,4372,4852.92
4/1/2018,4,Utilities,1124,977.88
4/1/2018,4,Security,616,535.92
4/1/2018,4,Stationery,128,144.64
4/1/2018,4,Marketing,3487,2998.82
4/1/2018,4,Miscelaneous,1463,1302.07
5/1/2018,4,Salary,14663,13636.59
5/1/2018,4,Rent,4373,3891.97
5/1/2018,4,Utilities,1132,1064.08
5/1/2018,4,Security,810,858.6
5/1/2018,4,Stationery,236,269.04
5/1/2018,4,Marketing,2694,2155.2
5/1/2018,4,Miscelaneous,1753,1472.52
6/1/2018,4,Salary,11188,10292.96
6/1/2018,4,Rent,4374,3805.38
6/1/2018,4,Utilities,958,833.46
6/1/2018,4,Security,644,540.96
6/1/2018,4,Stationery,206,212.18
6/1/2018,4,Marketing,1714,1405.48
6/1/2018,4,Miscelaneous,861,714.63
7/1/2018,4,Salary,13746,14020.92
7/1/2018,4,Rent,4375,4987.5
7/1/2018,4,Utilities,960,806.4
7/1/2018,4,Security,449,462.47
7/1/2018,4,Stationery,115,120.75
7/1/2018,4,Marketing,2239,1925.54
7/1/2018,4,Miscelaneous,1852,2037.2
8/1/2018,4,Salary,12173,12051.27
8/1/2018,4,Rent,4376,3675.84
8/1/2018,4,Utilities,734,631.24
8/1/2018,4,Security,408,428.4
8/1/2018,4,Stationery,237,255.96
8/1/2018,4,Marketing,3615,3976.5
8/1/2018,4,Miscelaneous,595,523.6
9/1/2018,4,Salary,12794,11130.78
9/1/2018,4,Rent,4377,3720.45
9/1/2018,4,Utilities,1448,1303.2
9/1/2018,4,Security,848,856.48
9/1/2018,4,Stationery,262,220.08
9/1/2018,4,Marketing,3804,4146.36
9/1/2018,4,Miscelaneous,1988,1630.16
10/1/2018,4,Salary,11566,12028.64
10/1/2018,4,Rent,4378,3765.08
10/1/2018,4,Utilities,1334,1173.92
10/1/2018,4,Security,539,571.34
10/1/2018,4,Stationery,222,219.78
10/1/2018,4,Marketing,3500,3885
10/1/2018,4,Miscelaneous,553,630.42
11/1/2018,4,Salary,10503,10187.91
11/1/2018,4,Rent,4379,3809.73
11/1/2018,4,Utilities,1047,879.48
11/1/2018,4,Security,411,332.91
11/1/2018,4,Stationery,121,112.53
11/1/2018,4,Marketing,2073,1865.7
11/1/2018,4,Miscelaneous,795,771.15
12/1/2018,4,Salary,12112,11869.76
12/1/2018,4,Rent,4380,4861.8
12/1/2018,4,Utilities,1258,1333.48
12/1/2018,4,Security,543,586.44
12/1/2018,4,Stationery,114,100.32
12/1/2018,4,Marketing,1733,1611.69
12/1/2018,4,Miscelaneous,1464,1654.32
1/1/2019,4,Salary,11722,11487.56
1/1/2019,4,Rent,4381,3592.42
1/1/2019,4,Utilities,606,539.34
1/1/2019,4,Security,691,642.63
1/1/2019,4,Stationery,111,117.66
1/1/2019,4,Marketing,2531,2733.48
1/1/2019,4,Miscelaneous,1962,1883.52
2/1/2019,4,Salary,13074,12289.56
2/1/2019,4,Rent,4382,3943.8
2/1/2019,4,Utilities,1244,1032.52
2/1/2019,4,Security,624,524.16
2/1/2019,4,Stationery,259,271.95
2/1/2019,4,Marketing,3751,4163.61
2/1/2019,4,Miscelaneous,560,509.6
3/1/2019,4,Salary,11839,11602.22
3/1/2019,4,Rent,4383,4602.15
3/1/2019,4,Utilities,913,1004.3
3/1/2019,4,Security,506,455.4
3/1/2019,4,Stationery,328,370.64
3/1/2019,4,Marketing,1562,1483.9
3/1/2019,4,Miscelaneous,1734,1387.2
4/1/2019,4,Salary,14630,16093
4/1/2019,4,Rent,4384,4559.36
4/1/2019,4,Utilities,734,829.42
4/1/2019,4,Security,560,459.2
4/1/2019,4,Stationery,173,145.32
4/1/2019,4,Marketing,3477,3094.53
4/1/2019,4,Miscelaneous,1808,1970.72
5/1/2019,4,Salary,14773,16102.57
5/1/2019,4,Rent,4385,4560.4
5/1/2019,4,Utilities,1290,1186.8
5/1/2019,4,Security,861,706.02
5/1/2019,4,Stationery,141,135.36
5/1/2019,4,Marketing,2686,2659.14
5/1/2019,4,Miscelaneous,934,924.66
6/1/2019,4,Salary,10646,11178.3
6/1/2019,4,Rent,4386,4912.32
6/1/2019,4,Utilities,1344,1505.28
6/1/2019,4,Security,726,595.32
6/1/2019,4,Stationery,164,173.84
6/1/2019,4,Marketing,3213,2827.44
6/1/2019,4,Miscelaneous,1629,1677.87
7/1/2019,4,Salary,11601,12761.1
7/1/2019,4,Rent,4387,4650.22
7/1/2019,4,Utilities,756,748.44
7/1/2019,4,Security,522,537.66
7/1/2019,4,Stationery,213,213
7/1/2019,4,Marketing,1817,1998.7
7/1/2019,4,Miscelaneous,1169,1028.72
8/1/2019,4,Salary,10571,10359.58
8/1/2019,4,Rent,4388,3554.28
8/1/2019,4,Utilities,1157,1133.86
8/1/2019,4,Security,492,501.84
8/1/2019,4,Stationery,335,278.05
8/1/2019,4,Marketing,3391,3594.46
8/1/2019,4,Miscelaneous,1666,1599.36
9/1/2019,4,Salary,14707,16618.91
9/1/2019,4,Rent,4389,3730.65
9/1/2019,4,Utilities,1121,941.64
9/1/2019,4,Security,843,859.86
9/1/2019,4,Stationery,207,207
9/1/2019,4,Marketing,2637,2821.59
9/1/2019,4,Miscelaneous,1490,1564.5
10/1/2019,4,Salary,14666,15399.3
10/1/2019,4,Rent,4390,4346.1
10/1/2019,4,Utilities,825,833.25
10/1/2019,4,Security,497,437.36
10/1/2019,4,Stationery,224,237.44
10/1/2019,4,Marketing,1912,1912
10/1/2019,4,Miscelaneous,573,636.03
11/1/2019,4,Salary,14798,12726.28
11/1/2019,4,Rent,4391,4522.73
11/1/2019,4,Utilities,686,720.3
11/1/2019,4,Security,768,691.2
11/1/2019,4,Stationery,325,325
11/1/2019,4,Marketing,1743,1673.28
11/1/2019,4,Miscelaneous,1941,1824.54
12/1/2019,4,Salary,14448,13870.08
12/1/2019,4,Rent,4392,4304.16
12/1/2019,4,Utilities,752,804.64
12/1/2019,4,Security,785,879.2
12/1/2019,4,Stationery,338,317.72
12/1/2019,4,Marketing,2944,3356.16
12/1/2019,4,Miscelaneous,550,566.5
1/1/2017,5,Salary,11719,13359.66
1/1/2017,5,Rent,4393,4964.09
1/1/2017,5,Utilities,775,643.25
1/1/2017,5,Security,882,714.42
1/1/2017,5,Stationery,350,346.5
1/1/2017,5,Marketing,3580,3222
1/1/2017,5,Miscelaneous,1104,982.56
2/1/2017,5,Salary,12782,12909.82
2/1/2017,5,Rent,4394,5053.1
2/1/2017,5,Utilities,1209,1329.9
2/1/2017,5,Security,676,703.04
2/1/2017,5,Stationery,206,195.7
2/1/2017,5,Marketing,3260,3488.2
2/1/2017,5,Miscelaneous,1252,1239.48
3/1/2017,5,Salary,11332,10538.76
3/1/2017,5,Rent,4395,4878.45
3/1/2017,5,Utilities,850,731
3/1/2017,5,Security,534,507.3
3/1/2017,5,Stationery,194,215.34
3/1/2017,5,Marketing,2941,3264.51
3/1/2017,5,Miscelaneous,1142,1313.3
4/1/2017,5,Salary,11292,9598.2
4/1/2017,5,Rent,4396,3648.68
4/1/2017,5,Utilities,1455,1367.7
4/1/2017,5,Security,739,702.05
4/1/2017,5,Stationery,168,169.68
4/1/2017,5,Marketing,2267,1926.95
4/1/2017,5,Miscelaneous,1552,1474.4
5/1/2017,5,Salary,10826,11042.52
5/1/2017,5,Rent,4397,4704.79
5/1/2017,5,Utilities,1355,1544.7
5/1/2017,5,Security,838,938.56
5/1/2017,5,Stationery,253,227.7
5/1/2017,5,Marketing,3557,3521.43
5/1/2017,5,Miscelaneous,1452,1422.96
6/1/2017,5,Salary,13877,12072.99
6/1/2017,5,Rent,4398,4749.84
6/1/2017,5,Utilities,840,856.8
6/1/2017,5,Security,680,727.6
6/1/2017,5,Stationery,329,332.29
6/1/2017,5,Marketing,3630,3593.7
6/1/2017,5,Miscelaneous,1115,892
7/1/2017,5,Salary,12787,12787
7/1/2017,5,Rent,4399,4223.04
7/1/2017,5,Utilities,1469,1527.76
7/1/2017,5,Security,815,652
7/1/2017,5,Stationery,100,113
7/1/2017,5,Marketing,2776,2831.52
7/1/2017,5,Miscelaneous,1111,911.02
8/1/2017,5,Salary,12915,12269.25
8/1/2017,5,Rent,4400,4268
8/1/2017,5,Utilities,1158,1053.78
8/1/2017,5,Security,836,961.4
8/1/2017,5,Stationery,301,273.91
8/1/2017,5,Marketing,2547,2037.6
8/1/2017,5,Miscelaneous,1671,1437.06
9/1/2017,5,Salary,14341,15488.28
9/1/2017,5,Rent,4401,4709.07
9/1/2017,5,Utilities,874,874
9/1/2017,5,Security,706,656.58
9/1/2017,5,Stationery,294,235.2
9/1/2017,5,Marketing,1990,2189
9/1/2017,5,Miscelaneous,1659,1891.26
10/1/2017,5,Salary,13510,14861
10/1/2017,5,Rent,4402,3873.76
10/1/2017,5,Utilities,954,849.06
10/1/2017,5,Security,686,562.52
10/1/2017,5,Stationery,145,118.9
10/1/2017,5,Marketing,3102,3288.12
10/1/2017,5,Miscelaneous,1282,1282
11/1/2017,5,Salary,13738,10990.4
11/1/2017,5,Rent,4403,4843.3
11/1/2017,5,Utilities,858,952.38
11/1/2017,5,Security,645,516
11/1/2017,5,Stationery,227,199.76
11/1/2017,5,Marketing,2205,2138.85
11/1/2017,5,Miscelaneous,1096,953.52
12/1/2017,5,Salary,12638,10995.06
12/1/2017,5,Rent,4404,4624.2
12/1/2017,5,Utilities,1418,1304.56
12/1/2017,5,Security,889,791.21
12/1/2017,5,Stationery,128,136.96
12/1/2017,5,Marketing,2091,1902.81
12/1/2017,5,Miscelaneous,1412,1313.16
1/1/2018,5,Salary,11781,12252.24
1/1/2018,5,Rent,4405,4228.8
1/1/2018,5,Utilities,642,513.6
1/1/2018,5,Security,597,608.94
1/1/2018,5,Stationery,153,133.11
1/1/2018,5,Marketing,3970,3930.3
1/1/2018,5,Miscelaneous,1790,2004.8
2/1/2018,5,Salary,12692,12565.08
2/1/2018,5,Rent,4406,4846.6
2/1/2018,5,Utilities,1458,1443.42
2/1/2018,5,Security,650,539.5
2/1/2018,5,Stationery,210,182.7
2/1/2018,5,Marketing,3881,4152.67
2/1/2018,5,Miscelaneous,993,1032.72
3/1/2018,5,Salary,10894,9368.84
3/1/2018,5,Rent,4407,5023.98
3/1/2018,5,Utilities,1288,1184.96
3/1/2018,5,Security,682,572.88
3/1/2018,5,Stationery,320,345.6
3/1/2018,5,Marketing,2131,2386.72
3/1/2018,5,Miscelaneous,600,624
4/1/2018,5,Salary,12588,10951.56
4/1/2018,5,Rent,4408,4981.04
4/1/2018,5,Utilities,1436,1306.76
4/1/2018,5,Security,426,430.26
4/1/2018,5,Stationery,114,106.02
4/1/2018,5,Marketing,2837,3092.33
4/1/2018,5,Miscelaneous,1418,1630.7
5/1/2018,5,Salary,13911,12659.01
5/1/2018,5,Rent,4409,4056.28
5/1/2018,5,Utilities,1065,1054.35
5/1/2018,5,Security,556,622.72
5/1/2018,5,Stationery,249,199.2
5/1/2018,5,Marketing,2813,2531.7
5/1/2018,5,Miscelaneous,1059,1133.13
6/1/2018,5,Salary,12394,12394
6/1/2018,5,Rent,4410,4762.8
6/1/2018,5,Utilities,988,1136.2
6/1/2018,5,Security,540,496.8
6/1/2018,5,Stationery,236,238.36
6/1/2018,5,Marketing,1969,2087.14
6/1/2018,5,Miscelaneous,699,789.87
7/1/2018,5,Salary,10600,8480
7/1/2018,5,Rent,4411,4587.44
7/1/2018,5,Utilities,1212,1333.2
7/1/2018,5,Security,812,747.04
7/1/2018,5,Stationery,259,233.1
7/1/2018,5,Marketing,3811,3620.45
7/1/2018,5,Miscelaneous,530,598.9
8/1/2018,5,Salary,12171,12292.71
8/1/2018,5,Rent,4412,4720.84
8/1/2018,5,Utilities,940,902.4
8/1/2018,5,Security,588,558.6
8/1/2018,5,Stationery,300,276
8/1/2018,5,Marketing,2342,2669.88
8/1/2018,5,Miscelaneous,1388,1429.64
9/1/2018,5,Salary,11673,9338.4
9/1/2018,5,Rent,4413,4545.39
9/1/2018,5,Utilities,756,808.92
9/1/2018,5,Security,854,785.68
9/1/2018,5,Stationery,201,178.89
9/1/2018,5,Marketing,2150,2279
9/1/2018,5,Miscelaneous,1038,975.72
10/1/2018,5,Salary,12796,12156.2
10/1/2018,5,Rent,4414,4767.12
10/1/2018,5,Utilities,834,959.1
10/1/2018,5,Security,405,445.5
10/1/2018,5,Stationery,283,240.55
10/1/2018,5,Marketing,3362,3597.34
10/1/2018,5,Miscelaneous,658,546.14
11/1/2018,5,Salary,13702,11783.72
11/1/2018,5,Rent,4415,3620.3
11/1/2018,5,Utilities,849,865.98
11/1/2018,5,Security,470,460.6
11/1/2018,5,Stationery,221,214.37
11/1/2018,5,Marketing,3499,3603.97
11/1/2018,5,Miscelaneous,1055,1055
12/1/2018,5,Salary,13910,13631.8
12/1/2018,5,Rent,4416,3797.76
12/1/2018,5,Utilities,743,765.29
12/1/2018,5,Security,463,527.82
12/1/2018,5,Stationery,313,306.74
12/1/2018,5,Marketing,3113,2521.53
12/1/2018,5,Miscelaneous,1203,1203
1/1/2019,5,Salary,10954,12268.48
1/1/2019,5,Rent,4417,3710.28
1/1/2019,5,Utilities,972,913.68
1/1/2019,5,Security,879,755.94
1/1/2019,5,Stationery,312,265.2
1/1/2019,5,Marketing,2583,2815.47
1/1/2019,5,Miscelaneous,683,560.06
2/1/2019,5,Salary,14616,16223.76
2/1/2019,5,Rent,4418,4462.18
2/1/2019,5,Utilities,1339,1218.49
2/1/2019,5,Security,518,476.56
2/1/2019,5,Stationery,114,115.14
2/1/2019,5,Marketing,3066,3464.58
2/1/2019,5,Miscelaneous,1978,1681.3
3/1/2019,5,Salary,14754,13278.6
3/1/2019,5,Rent,4419,4242.24
3/1/2019,5,Utilities,1194,1050.72
3/1/2019,5,Security,621,515.43
3/1/2019,5,Stationery,295,292.05
3/1/2019,5,Marketing,3231,3004.83
3/1/2019,5,Miscelaneous,1552,1676.16
4/1/2019,5,Salary,11988,10069.92
4/1/2019,5,Rent,4420,3712.8
4/1/2019,5,Utilities,675,681.75
4/1/2019,5,Security,499,528.94
4/1/2019,5,Stationery,284,303.88
4/1/2019,5,Marketing,1935,1664.1
4/1/2019,5,Miscelaneous,1357,1546.98
5/1/2019,5,Salary,10311,9279.9
5/1/2019,5,Rent,4421,4553.63
5/1/2019,5,Utilities,631,725.65
5/1/2019,5,Security,772,648.48
5/1/2019,5,Stationery,238,233.24
5/1/2019,5,Marketing,2902,2843.96
5/1/2019,5,Miscelaneous,1850,1572.5
6/1/2019,5,Salary,11487,11487
6/1/2019,5,Rent,4422,3714.48
6/1/2019,5,Utilities,861,809.34
6/1/2019,5,Security,871,888.42
6/1/2019,5,Stationery,101,97.97
6/1/2019,5,Marketing,2635,2555.95
6/1/2019,5,Miscelaneous,1293,1047.33
7/1/2019,5,Salary,11246,8996.8
7/1/2019,5,Rent,4423,3582.63
7/1/2019,5,Utilities,949,996.45
7/1/2019,5,Security,486,486
7/1/2019,5,Stationery,335,341.7
7/1/2019,5,Marketing,3384,3316.32
7/1/2019,5,Miscelaneous,1577,1482.38
8/1/2019,5,Salary,14955,17198.25
8/1/2019,5,Rent,4424,4733.68
8/1/2019,5,Utilities,1471,1691.65
8/1/2019,5,Security,856,744.72
8/1/2019,5,Stationery,168,179.76
8/1/2019,5,Marketing,3616,3977.6
8/1/2019,5,Miscelaneous,742,690.06
9/1/2019,5,Salary,11350,11009.5
9/1/2019,5,Rent,4425,3761.25
9/1/2019,5,Utilities,703,576.46
9/1/2019,5,Security,461,502.49
9/1/2019,5,Stationery,173,145.32
9/1/2019,5,Marketing,3303,3798.45
9/1/2019,5,Miscelaneous,1874,1799.04
10/1/2019,5,Salary,13991,14410.73
10/1/2019,5,Rent,4426,4868.6
10/1/2019,5,Utilities,633,519.06
10/1/2019,5,Security,491,392.8
10/1/2019,5,Stationery,138,131.1
10/1/2019,5,Marketing,1936,1606.88
10/1/2019,5,Miscelaneous,1516,1364.4
11/1/2019,5,Salary,13785,11165.85
11/1/2019,5,Rent,4427,4205.65
11/1/2019,5,Utilities,1488,1488
11/1/2019,5,Security,722,779.76
11/1/2019,5,Stationery,301,288.96
11/1/2019,5,Marketing,3345,3679.5
11/1/2019,5,Miscelaneous,1638,1474.2
12/1/2019,5,Salary,13718,11934.66
12/1/2019,5,Rent,4428,3852.36
12/1/2019,5,Utilities,661,588.29
12/1/2019,5,Security,611,531.57
12/1/2019,5,Stationery,113,116.39
12/1/2019,5,Marketing,3921,4313.1
12/1/2019,5,Miscelaneous,1642,1855.46
1/1/2017,6,Salary,11135,10800.95
1/1/2017,6,Rent,4429,3631.78
1/1/2017,6,Utilities,1493,1478.07
1/1/2017,6,Security,737,604.34
1/1/2017,6,Stationery,244,253.76
1/1/2017,6,Marketing,3147,2926.71
1/1/2017,6,Miscelaneous,1663,1613.11
2/1/2017,6,Salary,14202,11361.6
2/1/2017,6,Rent,4430,4518.6
2/1/2017,6,Utilities,1118,1218.62
2/1/2017,6,Security,498,572.7
2/1/2017,6,Stationery,329,302.68
2/1/2017,6,Marketing,3621,3403.74
2/1/2017,6,Miscelaneous,822,780.9
3/1/2017,6,Salary,14659,16564.67
3/1/2017,6,Rent,4431,4608.24
3/1/2017,6,Utilities,1397,1606.55
3/1/2017,6,Security,745,767.35
3/1/2017,6,Stationery,337,384.18
3/1/2017,6,Marketing,2242,1950.54
3/1/2017,6,Miscelaneous,801,776.97
4/1/2017,6,Salary,14395,12379.7
4/1/2017,6,Rent,4432,4609.28
4/1/2017,6,Utilities,1157,1041.3
4/1/2017,6,Security,641,660.23
4/1/2017,6,Stationery,145,139.2
4/1/2017,6,Marketing,3662,4138.06
4/1/2017,6,Miscelaneous,522,574.2
5/1/2017,6,Salary,12482,11108.98
5/1/2017,6,Rent,4433,3945.37
5/1/2017,6,Utilities,1246,1121.4
5/1/2017,6,Security,430,451.5
5/1/2017,6,Stationery,200,220
5/1/2017,6,Marketing,2112,1900.8
5/1/2017,6,Miscelaneous,617,684.87
6/1/2017,6,Salary,11822,10639.8
6/1/2017,6,Rent,4434,3635.88
6/1/2017,6,Utilities,1467,1246.95
6/1/2017,6,Security,553,503.23
6/1/2017,6,Stationery,138,120.06
6/1/2017,6,Marketing,3991,4350.19
6/1/2017,6,Miscelaneous,1617,1519.98
7/1/2017,6,Salary,14697,13227.3
7/1/2017,6,Rent,4435,4257.6
7/1/2017,6,Utilities,1032,887.52
7/1/2017,6,Security,544,538.56
7/1/2017,6,Stationery,316,290.72
7/1/2017,6,Marketing,3407,3815.84
7/1/2017,6,Miscelaneous,1764,1922.76
8/1/2017,6,Salary,13998,11338.38
8/1/2017,6,Rent,4436,4657.8
8/1/2017,6,Utilities,706,649.52
8/1/2017,6,Security,475,513
8/1/2017,6,Stationery,180,199.8
8/1/2017,6,Marketing,1847,1588.42
8/1/2017,6,Miscelaneous,706,663.64
9/1/2017,6,Salary,13633,12406.03
9/1/2017,6,Rent,4437,4525.74
9/1/2017,6,Utilities,755,860.7
9/1/2017,6,Security,636,674.16
9/1/2017,6,Stationery,260,231.4
9/1/2017,6,Marketing,3602,3061.7
9/1/2017,6,Miscelaneous,1738,1546.82
10/1/2017,6,Salary,10503,8717.49
10/1/2017,6,Rent,4438,4127.34
10/1/2017,6,Utilities,1086,1075.14
10/1/2017,6,Security,836,727.32
10/1/2017,6,Stationery,236,219.48
10/1/2017,6,Marketing,2896,3069.76
10/1/2017,6,Miscelaneous,1786,1714.56
11/1/2017,6,Salary,12765,14424.45
11/1/2017,6,Rent,4439,4128.27
11/1/2017,6,Utilities,1190,963.9
11/1/2017,6,Security,452,452
11/1/2017,6,Stationery,330,353.1
11/1/2017,6,Marketing,2233,2344.65
11/1/2017,6,Miscelaneous,1140,1071.6
12/1/2017,6,Salary,12013,9970.79
12/1/2017,6,Rent,4440,4218
12/1/2017,6,Utilities,1027,1109.16
12/1/2017,6,Security,719,733.38
12/1/2017,6,Stationery,339,342.39
12/1/2017,6,Marketing,2397,2061.42
12/1/2017,6,Miscelaneous,1540,1401.4
1/1/2018,6,Salary,14350,16359
1/1/2018,6,Rent,4441,4574.23
1/1/2018,6,Utilities,794,770.18
1/1/2018,6,Security,788,693.44
1/1/2018,6,Stationery,109,94.83
1/1/2018,6,Marketing,2501,2701.08
1/1/2018,6,Miscelaneous,721,598.43
2/1/2018,6,Salary,11745,10922.85
2/1/2018,6,Rent,4442,4353.16
2/1/2018,6,Utilities,1001,840.84
2/1/2018,6,Security,772,640.76
2/1/2018,6,Stationery,102,115.26
2/1/2018,6,Marketing,2820,2848.2
2/1/2018,6,Miscelaneous,570,558.6
3/1/2018,6,Salary,11883,11883
3/1/2018,6,Rent,4443,4887.3
3/1/2018,6,Utilities,915,796.05
3/1/2018,6,Security,703,703
3/1/2018,6,Stationery,173,186.84
3/1/2018,6,Marketing,3019,2988.81
3/1/2018,6,Miscelaneous,923,932.23
4/1/2018,6,Salary,10502,11972.28
4/1/2018,6,Rent,4444,4932.84
4/1/2018,6,Utilities,769,784.38
4/1/2018,6,Security,419,481.85
4/1/2018,6,Stationery,332,368.52
4/1/2018,6,Marketing,2437,2753.81
4/1/2018,6,Miscelaneous,1401,1513.08
5/1/2018,6,Salary,13245,12715.2
5/1/2018,6,Rent,4445,4133.85
5/1/2018,6,Utilities,736,824.32
5/1/2018,6,Security,708,637.2
5/1/2018,6,Stationery,184,185.84
5/1/2018,6,Marketing,3691,3469.54
5/1/2018,6,Miscelaneous,874,935.18
6/1/2018,6,Salary,14577,16472.01
6/1/2018,6,Rent,4446,4090.32
6/1/2018,6,Utilities,757,635.88
6/1/2018,6,Security,531,546.93
6/1/2018,6,Stationery,319,264.77
6/1/2018,6,Marketing,3632,4140.48
6/1/2018,6,Miscelaneous,1926,2041.56
7/1/2018,6,Salary,13008,11837.28
7/1/2018,6,Rent,4447,4180.18
7/1/2018,6,Utilities,1303,1316.03
7/1/2018,6,Security,609,627.27
7/1/2018,6,Stationery,345,334.65
7/1/2018,6,Marketing,2930,2607.7
7/1/2018,6,Miscelaneous,637,579.67
8/1/2018,6,Salary,14196,15331.68
8/1/2018,6,Rent,4448,4759.36
8/1/2018,6,Utilities,638,631.62
8/1/2018,6,Security,845,929.5
8/1/2018,6,Stationery,275,236.5
8/1/2018,6,Marketing,3309,3408.27
8/1/2018,6,Miscelaneous,1279,1470.85
9/1/2018,6,Salary,12458,12458
9/1/2018,6,Rent,4449,4315.53
9/1/2018,6,Utilities,1242,1167.48
9/1/2018,6,Security,738,826.56
9/1/2018,6,Stationery,283,322.62
9/1/2018,6,Marketing,2005,2305.75
9/1/2018,6,Miscelaneous,1639,1884.85
10/1/2018,6,Salary,11757,12579.99
10/1/2018,6,Rent,4450,3960.5
10/1/2018,6,Utilities,1022,991.34
10/1/2018,6,Security,632,581.44
10/1/2018,6,Stationery,256,240.64
10/1/2018,6,Marketing,2201,2134.97
10/1/2018,6,Miscelaneous,932,885.4
11/1/2018,6,Salary,14849,13661.08
11/1/2018,6,Rent,4451,4540.02
11/1/2018,6,Utilities,1164,1245.48
11/1/2018,6,Security,409,409
11/1/2018,6,Stationery,203,233.45
11/1/2018,6,Marketing,2644,2300.28
11/1/2018,6,Miscelaneous,688,756.8
12/1/2018,6,Salary,10602,10814.04
12/1/2018,6,Rent,4452,4318.44
12/1/2018,6,Utilities,1498,1707.72
12/1/2018,6,Security,660,739.2
12/1/2018,6,Stationery,338,341.38
12/1/2018,6,Marketing,1639,1573.44
12/1/2018,6,Miscelaneous,1402,1612.3
1/1/2019,6,Salary,11925,13713.75
1/1/2019,6,Rent,4453,4542.06
1/1/2019,6,Utilities,1436,1450.36
1/1/2019,6,Security,530,482.3
1/1/2019,6,Stationery,293,246.12
1/1/2019,6,Marketing,3685,2984.85
1/1/2019,6,Miscelaneous,709,609.74
2/1/2019,6,Salary,11471,11815.13
2/1/2019,6,Rent,4454,3741.36
2/1/2019,6,Utilities,1211,1017.24
2/1/2019,6,Security,829,812.42
2/1/2019,6,Stationery,160,169.6
2/1/2019,6,Marketing,3987,3747.78
2/1/2019,6,Miscelaneous,831,698.04
3/1/2019,6,Salary,13787,13511.26
3/1/2019,6,Rent,4455,3608.55
3/1/2019,6,Utilities,1163,1174.63
3/1/2019,6,Security,471,527.52
3/1/2019,6,Stationery,254,233.68
3/1/2019,6,Marketing,1795,1561.65
3/1/2019,6,Miscelaneous,1938,2015.52
4/1/2019,6,Salary,10400,11856
4/1/2019,6,Rent,4456,4589.68
4/1/2019,6,Utilities,933,839.7
4/1/2019,6,Security,516,412.8
4/1/2019,6,Stationery,154,124.74
4/1/2019,6,Marketing,1589,1589
4/1/2019,6,Miscelaneous,1121,941.64
5/1/2019,6,Salary,14679,14679
5/1/2019,6,Rent,4457,3743.88
5/1/2019,6,Utilities,1021,1112.89
5/1/2019,6,Security,445,493.95
5/1/2019,6,Stationery,327,264.87
5/1/2019,6,Marketing,3698,4178.74
5/1/2019,6,Miscelaneous,1119,962.34
6/1/2019,6,Salary,14089,16061.46
6/1/2019,6,Rent,4458,3833.88
6/1/2019,6,Utilities,1019,906.91
6/1/2019,6,Security,874,716.68
6/1/2019,6,Stationery,253,237.82
6/1/2019,6,Marketing,3876,4418.64
6/1/2019,6,Miscelaneous,1438,1380.48
7/1/2019,6,Salary,11576,11112.96
7/1/2019,6,Rent,4459,3745.56
7/1/2019,6,Utilities,1267,1444.38
7/1/2019,6,Security,727,756.08
7/1/2019,6,Stationery,320,364.8
7/1/2019,6,Marketing,2681,2225.23
7/1/2019,6,Miscelaneous,1995,2134.65
8/1/2019,6,Salary,11906,10715.4
8/1/2019,6,Rent,4460,4460
8/1/2019,6,Utilities,985,994.85
8/1/2019,6,Security,749,696.57
8/1/2019,6,Stationery,211,170.91
8/1/2019,6,Marketing,3552,3942.72
8/1/2019,6,Miscelaneous,656,570.72
9/1/2019,6,Salary,11748,9633.36
9/1/2019,6,Rent,4461,3702.63
9/1/2019,6,Utilities,1410,1494.6
9/1/2019,6,Security,709,779.9
9/1/2019,6,Stationery,307,279.37
9/1/2019,6,Marketing,3624,3189.12
9/1/2019,6,Miscelaneous,1120,974.4
10/1/2019,6,Salary,12043,10116.12
10/1/2019,6,Rent,4462,3792.7
10/1/2019,6,Utilities,1224,1346.4
10/1/2019,6,Security,854,845.46
10/1/2019,6,Stationery,149,137.08
10/1/2019,6,Marketing,2588,2277.44
10/1/2019,6,Miscelaneous,1582,1328.88
11/1/2019,6,Salary,10849,12042.39
11/1/2019,6,Rent,4463,4730.78
11/1/2019,6,Utilities,926,935.26
11/1/2019,6,Security,890,720.9
11/1/2019,6,Stationery,184,193.2
11/1/2019,6,Marketing,2430,2259.9
11/1/2019,6,Miscelaneous,1919,1919
12/1/2019,6,Salary,11933,10143.05
12/1/2019,6,Rent,4464,3972.96
12/1/2019,6,Utilities,1234,1295.7
12/1/2019,6,Security,597,573.12
12/1/2019,6,Stationery,263,241.96
12/1/2019,6,Marketing,2989,3228.12
12/1/2019,6,Miscelaneous,998,1137.72
1/1/2017,7,Salary,11248,11472.96
1/1/2017,7,Rent,4465,4732.9
1/1/2017,7,Utilities,717,688.32
1/1/2017,7,Security,404,355.52
1/1/2017,7,Stationery,133,133
1/1/2017,7,Marketing,3449,3552.47
1/1/2017,7,Miscelaneous,693,741.51
2/1/2017,7,Salary,10556,9605.96
2/1/2017,7,Rent,4466,3930.08
2/1/2017,7,Utilities,1114,1047.16
2/1/2017,7,Security,874,970.14
2/1/2017,7,Stationery,316,338.12
2/1/2017,7,Marketing,3387,3793.44
2/1/2017,7,Miscelaneous,1453,1380.35
3/1/2017,7,Salary,14208,15628.8
3/1/2017,7,Rent,4467,4377.66
3/1/2017,7,Utilities,806,894.66
3/1/2017,7,Security,670,716.9
3/1/2017,7,Stationery,192,180.48
3/1/2017,7,Marketing,2133,2069.01
3/1/2017,7,Miscelaneous,1271,1131.19
4/1/2017,7,Salary,10989,8791.2
4/1/2017,7,Rent,4468,5138.2
4/1/2017,7,Utilities,832,740.48
4/1/2017,7,Security,485,421.95
4/1/2017,7,Stationery,102,93.84
4/1/2017,7,Marketing,2298,2481.84
4/1/2017,7,Miscelaneous,1514,1635.12
5/1/2017,7,Salary,12186,10114.38
5/1/2017,7,Rent,4469,4692.45
5/1/2017,7,Utilities,1316,1237.04
5/1/2017,7,Security,690,572.7
5/1/2017,7,Stationery,179,189.74
5/1/2017,7,Marketing,2628,2864.52
5/1/2017,7,Miscelaneous,892,838.48
6/1/2017,7,Salary,12595,13350.7
6/1/2017,7,Rent,4470,4604.1
6/1/2017,7,Utilities,1136,1147.36
6/1/2017,7,Security,496,555.52
6/1/2017,7,Stationery,338,334.62
6/1/2017,7,Marketing,3937,4251.96
6/1/2017,7,Miscelaneous,1575,1669.5
7/1/2017,7,Salary,10319,8771.15
7/1/2017,7,Rent,4471,4918.1
7/1/2017,7,Utilities,1035,1148.85
7/1/2017,7,Security,525,420
7/1/2017,7,Stationery,103,90.64
7/1/2017,7,Marketing,1656,1639.44
7/1/2017,7,Miscelaneous,1287,1377.09
8/1/2017,7,Salary,13061,12538.56
8/1/2017,7,Rent,4472,4785.04
8/1/2017,7,Utilities,861,912.66
8/1/2017,7,Security,490,406.7
8/1/2017,7,Stationery,279,309.69
8/1/2017,7,Marketing,3667,3483.65
8/1/2017,7,Miscelaneous,1192,977.44
9/1/2017,7,Salary,13576,12897.2
9/1/2017,7,Rent,4473,4965.03
9/1/2017,7,Utilities,1148,1067.64
9/1/2017,7,Security,830,830
9/1/2017,7,Stationery,232,257.52
9/1/2017,7,Marketing,2425,2037
9/1/2017,7,Miscelaneous,571,491.06
10/1/2017,7,Salary,11476,9869.36
10/1/2017,7,Rent,4474,4966.14
10/1/2017,7,Utilities,1311,1324.11
10/1/2017,7,Security,881,748.85
10/1/2017,7,Stationery,276,248.4
10/1/2017,7,Marketing,2664,2184.48
10/1/2017,7,Miscelaneous,740,769.6
11/1/2017,7,Salary,14770,13588.4
11/1/2017,7,Rent,4475,4117
11/1/2017,7,Utilities,602,547.82
11/1/2017,7,Security,405,336.15
11/1/2017,7,Stationery,312,283.92
11/1/2017,7,Marketing,2230,2207.7
11/1/2017,7,Miscelaneous,817,890.53
12/1/2017,7,Salary,14596,15033.88
12/1/2017,7,Rent,4476,4923.6
12/1/2017,7,Utilities,877,815.61
12/1/2017,7,Security,708,644.28
12/1/2017,7,Stationery,296,263.44
12/1/2017,7,Marketing,2986,2508.24
12/1/2017,7,Miscelaneous,1261,1122.29
1/1/2018,7,Salary,14240,12246.4
1/1/2018,7,Rent,4477,4566.54
1/1/2018,7,Utilities,1010,838.3
1/1/2018,7,Security,461,456.39
1/1/2018,7,Stationery,168,151.2
1/1/2018,7,Marketing,2306,1913.98
1/1/2018,7,Miscelaneous,614,656.98
2/1/2018,7,Salary,14587,11815.47
2/1/2018,7,Rent,4478,4388.44
2/1/2018,7,Utilities,804,787.92
2/1/2018,7,Security,873,890.46
2/1/2018,7,Stationery,243,238.14
2/1/2018,7,Marketing,3657,3949.56
2/1/2018,7,Miscelaneous,875,857.5
3/1/2018,7,Salary,10385,10592.7
3/1/2018,7,Rent,4479,4479
3/1/2018,7,Utilities,1239,1127.49
3/1/2018,7,Security,891,846.45
3/1/2018,7,Stationery,287,243.95
3/1/2018,7,Marketing,2495,2569.85
3/1/2018,7,Miscelaneous,719,582.39
4/1/2018,7,Salary,11503,10582.76
4/1/2018,7,Rent,4480,5152
4/1/2018,7,Utilities,949,1081.86
4/1/2018,7,Security,541,589.69
4/1/2018,7,Stationery,103,91.67
4/1/2018,7,Marketing,3227,3291.54
4/1/2018,7,Miscelaneous,1990,1751.2
5/1/2018,7,Salary,10948,11604.88
5/1/2018,7,Rent,4481,4839.48
5/1/2018,7,Utilities,1343,1490.73
5/1/2018,7,Security,422,341.82
5/1/2018,7,Stationery,240,273.6
5/1/2018,7,Marketing,3126,3032.22
5/1/2018,7,Miscelaneous,560,543.2
6/1/2018,7,Salary,14070,13507.2
6/1/2018,7,Rent,4482,4257.9
6/1/2018,7,Utilities,826,702.1
6/1/2018,7,Security,679,604.31
6/1/2018,7,Stationery,305,277.55
6/1/2018,7,Marketing,3395,2919.7
6/1/2018,7,Miscelaneous,1264,1137.6
7/1/2018,7,Salary,11680,12264
7/1/2018,7,Rent,4483,3945.04
7/1/2018,7,Utilities,965,839.55
7/1/2018,7,Security,527,458.49
7/1/2018,7,Stationery,178,201.14
7/1/2018,7,Marketing,2312,2635.68
7/1/2018,7,Miscelaneous,570,461.7
8/1/2018,7,Salary,14646,12009.72
8/1/2018,7,Rent,4484,3587.2
8/1/2018,7,Utilities,1105,1237.6
8/1/2018,7,Security,431,448.24
8/1/2018,7,Stationery,246,282.9
8/1/2018,7,Marketing,2100,2310
8/1/2018,7,Miscelaneous,1932,1758.12
9/1/2018,7,Salary,13753,11827.58
9/1/2018,7,Rent,4485,3588
9/1/2018,7,Utilities,644,701.96
9/1/2018,7,Security,731,731
9/1/2018,7,Stationery,289,291.89
9/1/2018,7,Marketing,2331,1864.8
9/1/2018,7,Miscelaneous,1331,1344.31
10/1/2018,7,Salary,13297,14360.76
10/1/2018,7,Rent,4486,4127.12
10/1/2018,7,Utilities,1067,1088.34
10/1/2018,7,Security,837,736.56
10/1/2018,7,Stationery,274,309.62
10/1/2018,7,Marketing,2199,2045.07
10/1/2018,7,Miscelaneous,704,739.2
11/1/2018,7,Salary,11470,11240.6
11/1/2018,7,Rent,4487,3948.56
11/1/2018,7,Utilities,720,676.8
11/1/2018,7,Security,876,902.28
11/1/2018,7,Stationery,138,121.44
11/1/2018,7,Marketing,3309,3309
11/1/2018,7,Miscelaneous,985,1093.35
12/1/2018,7,Salary,12950,10360
12/1/2018,7,Rent,4488,4667.52
12/1/2018,7,Utilities,1225,1335.25
12/1/2018,7,Security,482,477.18
12/1/2018,7,Stationery,145,120.35
12/1/2018,7,Marketing,3814,4119.12
12/1/2018,7,Miscelaneous,1658,1823.8
1/1/2019,7,Salary,11755,9639.1
1/1/2019,7,Rent,4489,4623.67
1/1/2019,7,Utilities,762,731.52
1/1/2019,7,Security,687,604.56
1/1/2019,7,Stationery,295,315.65
1/1/2019,7,Marketing,1809,1953.72
1/1/2019,7,Miscelaneous,512,486.4
2/1/2019,7,Salary,11477,11247.46
2/1/2019,7,Rent,4490,3726.7
2/1/2019,7,Utilities,896,878.08
2/1/2019,7,Security,788,709.2
2/1/2019,7,Stationery,208,201.76
2/1/2019,7,Marketing,1885,1715.35
2/1/2019,7,Miscelaneous,684,718.2
3/1/2019,7,Salary,11082,9419.7
3/1/2019,7,Rent,4491,4401.18
3/1/2019,7,Utilities,837,870.48
3/1/2019,7,Security,776,675.12
3/1/2019,7,Stationery,192,211.2
3/1/2019,7,Marketing,3693,4099.23
3/1/2019,7,Miscelaneous,610,603.9
4/1/2019,7,Salary,11427,11655.54
4/1/2019,7,Rent,4492,4357.24
4/1/2019,7,Utilities,861,861
4/1/2019,7,Security,754,738.92
4/1/2019,7,Stationery,118,96.76
4/1/2019,7,Marketing,1583,1630.49
4/1/2019,7,Miscelaneous,1221,1294.26
5/1/2019,7,Salary,12812,14605.68
5/1/2019,7,Rent,4493,4178.49
5/1/2019,7,Utilities,811,932.65
5/1/2019,7,Security,519,477.48
5/1/2019,7,Stationery,252,284.76
5/1/2019,7,Marketing,2674,2861.18
5/1/2019,7,Miscelaneous,972,1069.2
6/1/2019,7,Salary,11826,10879.92
6/1/2019,7,Rent,4494,4449.06
6/1/2019,7,Utilities,727,814.24
6/1/2019,7,Security,879,958.11
6/1/2019,7,Stationery,295,295
6/1/2019,7,Marketing,2336,2219.2
6/1/2019,7,Miscelaneous,577,536.61
7/1/2019,7,Salary,13299,13431.99
7/1/2019,7,Rent,4495,4450.05
7/1/2019,7,Utilities,862,879.24
7/1/2019,7,Security,826,859.04
7/1/2019,7,Stationery,147,152.88
7/1/2019,7,Marketing,1582,1423.8
7/1/2019,7,Miscelaneous,1004,1104.4
8/1/2019,7,Salary,13833,11481.39
8/1/2019,7,Rent,4496,4451.04
8/1/2019,7,Utilities,1489,1325.21
8/1/2019,7,Security,560,599.2
8/1/2019,7,Stationery,110,126.5
8/1/2019,7,Marketing,3284,2824.24
8/1/2019,7,Miscelaneous,1883,1600.55
9/1/2019,7,Salary,13770,13356.9
9/1/2019,7,Rent,4497,5036.64
9/1/2019,7,Utilities,1386,1510.74
9/1/2019,7,Security,867,849.66
9/1/2019,7,Stationery,272,255.68
9/1/2019,7,Marketing,2452,2648.16
9/1/2019,7,Miscelaneous,1771,1487.64
10/1/2019,7,Salary,12324,13186.68
10/1/2019,7,Rent,4498,4093.18
10/1/2019,7,Utilities,874,804.08
10/1/2019,7,Security,869,877.69
10/1/2019,7,Stationery,181,168.33
10/1/2019,7,Marketing,3328,2961.92
10/1/2019,7,Miscelaneous,809,930.35
11/1/2019,7,Salary,11702,12053.06
11/1/2019,7,Rent,4499,4768.94
11/1/2019,7,Utilities,877,754.22
11/1/2019,7,Security,786,817.44
11/1/2019,7,Stationery,273,303.03
11/1/2019,7,Marketing,2231,2364.86
11/1/2019,7,Miscelaneous,1309,1426.81
12/1/2019,7,Salary,11305,10626.7
12/1/2019,7,Rent,4500,4455
12/1/2019,7,Utilities,1403,1220.61
12/1/2019,7,Security,785,706.5
12/1/2019,7,Stationery,299,340.86
12/1/2019,7,Marketing,2999,2609.13
12/1/2019,7,Miscelaneous,535,444.05
1/1/2017,8,Salary,13306,11177.04
1/1/2017,8,Rent,4501,4996.11
1/1/2017,8,Utilities,1043,855.26
1/1/2017,8,Security,757,605.6
1/1/2017,8,Stationery,129,114.81
1/1/2017,8,Marketing,1900,2014
1/1/2017,8,Miscelaneous,700,714
2/1/2017,8,Salary,13351,12416.43
2/1/2017,8,Rent,4502,5177.3
2/1/2017,8,Utilities,667,760.38
2/1/2017,8,Security,710,589.3
2/1/2017,8,Stationery,222,208.68
2/1/2017,8,Marketing,2424,2787.6
2/1/2017,8,Miscelaneous,630,611.1
3/1/2017,8,Salary,10568,10673.68
3/1/2017,8,Rent,4503,4593.06
3/1/2017,8,Utilities,726,762.3
3/1/2017,8,Security,479,416.73
3/1/2017,8,Stationery,242,196.02
3/1/2017,8,Marketing,3308,2646.4
3/1/2017,8,Miscelaneous,1980,1623.6
4/1/2017,8,Salary,11394,10824.3
4/1/2017,8,Rent,4504,3828.4
4/1/2017,8,Utilities,1386,1469.16
4/1/2017,8,Security,859,901.95
4/1/2017,8,Stationery,227,186.14
4/1/2017,8,Marketing,3854,3121.74
4/1/2017,8,Miscelaneous,1614,1371.9
5/1/2017,8,Salary,10664,11943.68
5/1/2017,8,Rent,4505,3829.25
5/1/2017,8,Utilities,1165,1223.25
5/1/2017,8,Security,785,659.4
5/1/2017,8,Stationery,131,113.97
5/1/2017,8,Marketing,3460,3217.8
5/1/2017,8,Miscelaneous,1930,2161.6
6/1/2017,8,Salary,13415,14219.9
6/1/2017,8,Rent,4506,4100.46
6/1/2017,8,Utilities,849,874.47
6/1/2017,8,Security,863,793.96
6/1/2017,8,Stationery,346,349.46
6/1/2017,8,Marketing,3617,4123.38
6/1/2017,8,Miscelaneous,687,638.91
7/1/2017,8,Salary,11219,10321.48
7/1/2017,8,Rent,4507,4056.3
7/1/2017,8,Utilities,899,979.91
7/1/2017,8,Security,652,710.68
7/1/2017,8,Stationery,101,89.89
7/1/2017,8,Marketing,2388,2196.96
7/1/2017,8,Miscelaneous,715,622.05
8/1/2017,8,Salary,13600,15232
8/1/2017,8,Rent,4508,3921.96
8/1/2017,8,Utilities,1142,1107.74
8/1/2017,8,Security,658,552.72
8/1/2017,8,Stationery,106,91.16
8/1/2017,8,Marketing,1774,2022.36
8/1/2017,8,Miscelaneous,930,1032.3
9/1/2017,8,Salary,10526,11578.6
9/1/2017,8,Rent,4509,4554.09
9/1/2017,8,Utilities,1281,1050.42
9/1/2017,8,Security,860,894.4
9/1/2017,8,Stationery,249,234.06
9/1/2017,8,Marketing,1563,1328.55
9/1/2017,8,Miscelaneous,972,1030.32
10/1/2017,8,Salary,14960,13912.8
10/1/2017,8,Rent,4510,4690.4
10/1/2017,8,Utilities,1488,1607.04
10/1/2017,8,Security,637,605.15
10/1/2017,8,Stationery,202,230.28
10/1/2017,8,Marketing,3729,3579.84
10/1/2017,8,Miscelaneous,1697,1680.03
11/1/2017,8,Salary,14408,14552.08
11/1/2017,8,Rent,4511,4871.88
11/1/2017,8,Utilities,1262,1438.68
11/1/2017,8,Security,430,485.9
11/1/2017,8,Stationery,350,353.5
11/1/2017,8,Marketing,3892,3541.72
11/1/2017,8,Miscelaneous,1150,1196
12/1/2017,8,Salary,11846,10069.1
12/1/2017,8,Rent,4512,3835.2
12/1/2017,8,Utilities,1439,1582.9
12/1/2017,8,Security,531,472.59
12/1/2017,8,Stationery,248,280.24
12/1/2017,8,Marketing,3233,3394.65
12/1/2017,8,Miscelaneous,1463,1536.15
1/1/2018,8,Salary,14093,12542.77
1/1/2018,8,Rent,4513,4648.39
1/1/2018,8,Utilities,1211,1211
1/1/2018,8,Security,437,480.7
1/1/2018,8,Stationery,257,246.72
1/1/2018,8,Marketing,3216,3601.92
1/1/2018,8,Miscelaneous,1379,1475.53
2/1/2018,8,Salary,10700,11877
2/1/2018,8,Rent,4514,3882.04
2/1/2018,8,Utilities,983,953.51
2/1/2018,8,Security,668,547.76
2/1/2018,8,Stationery,239,207.93
2/1/2018,8,Marketing,3447,3412.53
2/1/2018,8,Miscelaneous,814,822.14
3/1/2018,8,Salary,10909,10472.64
3/1/2018,8,Rent,4515,4018.35
3/1/2018,8,Utilities,1064,1191.68
3/1/2018,8,Security,482,404.88
3/1/2018,8,Stationery,196,174.44
3/1/2018,8,Marketing,2269,2042.1
3/1/2018,8,Miscelaneous,1326,1087.32
4/1/2018,8,Salary,14081,16193.15
4/1/2018,8,Rent,4516,4561.16
4/1/2018,8,Utilities,944,991.2
4/1/2018,8,Security,551,501.41
4/1/2018,8,Stationery,186,187.86
4/1/2018,8,Marketing,3496,3251.28
4/1/2018,8,Miscelaneous,652,665.04
5/1/2018,8,Salary,12922,14472.64
5/1/2018,8,Rent,4517,3794.28
5/1/2018,8,Utilities,1056,1182.72
5/1/2018,8,Security,554,448.74
5/1/2018,8,Stationery,111,116.55
5/1/2018,8,Marketing,2510,2610.4
5/1/2018,8,Miscelaneous,1862,1955.1
6/1/2018,8,Salary,11466,10319.4
6/1/2018,8,Rent,4518,4382.46
6/1/2018,8,Utilities,1290,1161
6/1/2018,8,Security,888,772.56
6/1/2018,8,Stationery,330,270.6
6/1/2018,8,Marketing,2242,1995.38
6/1/2018,8,Miscelaneous,1474,1532.96
7/1/2018,8,Salary,11879,9740.78
7/1/2018,8,Rent,4519,4247.86
7/1/2018,8,Utilities,877,991.01
7/1/2018,8,Security,578,508.64
7/1/2018,8,Stationery,348,302.76
7/1/2018,8,Marketing,3053,2595.05
7/1/2018,8,Miscelaneous,854,700.28
8/1/2018,8,Salary,14950,14950
8/1/2018,8,Rent,4520,5152.8
8/1/2018,8,Utilities,1386,1219.68
8/1/2018,8,Security,871,888.42
8/1/2018,8,Stationery,194,170.72
8/1/2018,8,Marketing,3462,3392.76
8/1/2018,8,Miscelaneous,1840,1545.6
9/1/2018,8,Salary,14494,15653.52
9/1/2018,8,Rent,4521,4340.16
9/1/2018,8,Utilities,779,864.69
9/1/2018,8,Security,723,795.3
9/1/2018,8,Stationery,306,257.04
9/1/2018,8,Marketing,2353,2047.11
9/1/2018,8,Miscelaneous,701,665.95
10/1/2018,8,Salary,12134,10556.58
10/1/2018,8,Rent,4522,5200.3
10/1/2018,8,Utilities,773,695.7
10/1/2018,8,Security,519,461.91
10/1/2018,8,Stationery,248,285.2
10/1/2018,8,Marketing,2669,2695.69
10/1/2018,8,Miscelaneous,1338,1177.44
11/1/2018,8,Salary,13213,11627.44
11/1/2018,8,Rent,4523,4930.07
11/1/2018,8,Utilities,1323,1151.01
11/1/2018,8,Security,656,656
11/1/2018,8,Stationery,208,176.8
11/1/2018,8,Marketing,2785,2478.65
11/1/2018,8,Miscelaneous,1082,1179.38
12/1/2018,8,Salary,13995,15954.3
12/1/2018,8,Rent,4524,4750.2
12/1/2018,8,Utilities,1133,1166.99
12/1/2018,8,Security,676,574.6
12/1/2018,8,Stationery,153,125.46
12/1/2018,8,Marketing,1924,1924
12/1/2018,8,Miscelaneous,1281,1127.28
1/1/2019,8,Salary,14273,12845.7
1/1/2019,8,Rent,4525,4163
1/1/2019,8,Utilities,844,936.84
1/1/2019,8,Security,720,799.2
1/1/2019,8,Stationery,134,139.36
1/1/2019,8,Marketing,3173,3014.35
1/1/2019,8,Miscelaneous,682,675.18
2/1/2019,8,Salary,11591,11359.18
2/1/2019,8,Rent,4526,4707.04
2/1/2019,8,Utilities,1462,1301.18
2/1/2019,8,Security,779,654.36
2/1/2019,8,Stationery,108,101.52
2/1/2019,8,Marketing,3008,2496.64
2/1/2019,8,Miscelaneous,1921,1959.42
3/1/2019,8,Salary,13393,12187.63
3/1/2019,8,Rent,4527,3983.76
3/1/2019,8,Utilities,1075,1171.75
3/1/2019,8,Security,668,567.8
3/1/2019,8,Stationery,325,263.25
3/1/2019,8,Marketing,2743,2880.15
3/1/2019,8,Miscelaneous,757,772.14
4/1/2019,8,Salary,14222,15786.42
4/1/2019,8,Rent,4528,3712.96
4/1/2019,8,Utilities,1394,1421.88
4/1/2019,8,Security,668,601.2
4/1/2019,8,Stationery,329,378.35
4/1/2019,8,Marketing,1749,1923.9
4/1/2019,8,Miscelaneous,1306,1475.78
5/1/2019,8,Salary,14107,14389.14
5/1/2019,8,Rent,4529,4347.84
5/1/2019,8,Utilities,651,527.31
5/1/2019,8,Security,874,716.68
5/1/2019,8,Stationery,112,106.4
5/1/2019,8,Marketing,3700,3219
5/1/2019,8,Miscelaneous,1377,1308.15
6/1/2019,8,Salary,10908,10253.52
6/1/2019,8,Rent,4530,4756.5
6/1/2019,8,Utilities,1006,865.16
6/1/2019,8,Security,826,900.34
6/1/2019,8,Stationery,266,268.66
6/1/2019,8,Marketing,3125,3468.75
6/1/2019,8,Miscelaneous,1496,1436.16
7/1/2019,8,Salary,14987,13188.56
7/1/2019,8,Rent,4531,5165.34
7/1/2019,8,Utilities,902,956.12
7/1/2019,8,Security,548,619.24
7/1/2019,8,Stationery,274,235.64
7/1/2019,8,Marketing,2541,2896.74
7/1/2019,8,Miscelaneous,1661,1744.05
8/1/2019,8,Salary,14475,13461.75
8/1/2019,8,Rent,4532,3942.84
8/1/2019,8,Utilities,1126,1159.78
8/1/2019,8,Security,878,930.68
8/1/2019,8,Stationery,335,378.55
8/1/2019,8,Marketing,2539,2183.54
8/1/2019,8,Miscelaneous,1634,1666.68
9/1/2019,8,Salary,11261,12950.15
9/1/2019,8,Rent,4533,4215.69
9/1/2019,8,Utilities,807,807
9/1/2019,8,Security,715,657.8
9/1/2019,8,Stationery,341,303.49
9/1/2019,8,Marketing,2131,2280.17
9/1/2019,8,Miscelaneous,1446,1605.06
10/1/2019,8,Salary,11117,9782.96
10/1/2019,8,Rent,4534,4035.26
10/1/2019,8,Utilities,1281,1114.47
10/1/2019,8,Security,413,437.78
10/1/2019,8,Stationery,137,142.48
10/1/2019,8,Marketing,3464,3221.52
10/1/2019,8,Miscelaneous,1728,1503.36
11/1/2019,8,Salary,13117,10887.11
11/1/2019,8,Rent,4535,4535
11/1/2019,8,Utilities,1370,1507
11/1/2019,8,Security,619,544.72
11/1/2019,8,Stationery,349,331.55
11/1/2019,8,Marketing,2251,2476.1
11/1/2019,8,Miscelaneous,1806,1787.94
12/1/2019,8,Salary,10358,8804.3
12/1/2019,8,Rent,4536,3764.88
12/1/2019,8,Utilities,1264,1390.4
12/1/2019,8,Security,648,693.36
12/1/2019,8,Stationery,116,92.8
12/1/2019,8,Marketing,3927,3612.84
12/1/2019,8,Miscelaneous,1742,1637.48
1/1/2017,9,Salary,14666,13932.7
1/1/2017,9,Rent,4537,4582.37
1/1/2017,9,Utilities,1487,1293.69
1/1/2017,9,Security,780,741
1/1/2017,9,Stationery,122,126.88
1/1/2017,9,Marketing,3663,3150.18
1/1/2017,9,Miscelaneous,1095,1062.15
2/1/2017,9,Salary,12661,14180.32
2/1/2017,9,Rent,4538,4311.1
2/1/2017,9,Utilities,1088,1098.88
2/1/2017,9,Security,434,494.76
2/1/2017,9,Stationery,343,274.4
2/1/2017,9,Marketing,3150,2929.5
2/1/2017,9,Miscelaneous,881,986.72
3/1/2017,9,Salary,14697,14697
3/1/2017,9,Rent,4539,4765.95
3/1/2017,9,Utilities,718,646.2
3/1/2017,9,Security,848,822.56
3/1/2017,9,Stationery,213,238.56
3/1/2017,9,Marketing,1611,1304.91
3/1/2017,9,Miscelaneous,1525,1296.25
4/1/2017,9,Salary,10483,10378.17
4/1/2017,9,Rent,4540,3722.8
4/1/2017,9,Utilities,1233,1233
4/1/2017,9,Security,731,679.83
4/1/2017,9,Stationery,267,224.28
4/1/2017,9,Marketing,1710,1368
4/1/2017,9,Miscelaneous,688,619.2
5/1/2017,9,Salary,13233,12042.03
5/1/2017,9,Rent,4541,4177.72
5/1/2017,9,Utilities,676,554.32
5/1/2017,9,Security,439,491.68
5/1/2017,9,Stationery,341,341
5/1/2017,9,Marketing,3464,3117.6
5/1/2017,9,Miscelaneous,1194,1277.58
6/1/2017,9,Salary,13022,14975.3
6/1/2017,9,Rent,4542,4678.26
6/1/2017,9,Utilities,977,849.99
6/1/2017,9,Security,666,606.06
6/1/2017,9,Stationery,265,286.2
6/1/2017,9,Marketing,2964,2934.36
6/1/2017,9,Miscelaneous,1920,2016
7/1/2017,9,Salary,11728,11845.28
7/1/2017,9,Rent,4543,4815.58
7/1/2017,9,Utilities,1092,1124.76
7/1/2017,9,Security,668,621.24
7/1/2017,9,Stationery,131,146.72
7/1/2017,9,Marketing,2992,2513.28
7/1/2017,9,Miscelaneous,778,879.14
8/1/2017,9,Salary,13112,12325.28
8/1/2017,9,Rent,4544,4135.04
8/1/2017,9,Utilities,1175,987
8/1/2017,9,Security,738,597.78
8/1/2017,9,Stationery,189,200.34
8/1/2017,9,Marketing,1799,1529.15
8/1/2017,9,Miscelaneous,1460,1664.4
9/1/2017,9,Salary,14256,13970.88
9/1/2017,9,Rent,4545,4408.65
9/1/2017,9,Utilities,1403,1346.88
9/1/2017,9,Security,795,818.85
9/1/2017,9,Stationery,177,200.01
9/1/2017,9,Marketing,1759,1618.28
9/1/2017,9,Miscelaneous,1884,1582.56
10/1/2017,9,Salary,12871,13128.42
10/1/2017,9,Rent,4546,4773.3
10/1/2017,9,Utilities,864,967.68
10/1/2017,9,Security,630,718.2
10/1/2017,9,Stationery,161,175.49
10/1/2017,9,Marketing,3333,2933.04
10/1/2017,9,Miscelaneous,1730,1557
11/1/2017,9,Salary,10600,10812
11/1/2017,9,Rent,4547,3637.6
11/1/2017,9,Utilities,1040,1019.2
11/1/2017,9,Security,745,789.7
11/1/2017,9,Stationery,168,157.92
11/1/2017,9,Marketing,2055,1870.05
11/1/2017,9,Miscelaneous,1723,1757.46
12/1/2017,9,Salary,14413,11530.4
12/1/2017,9,Rent,4548,5093.76
12/1/2017,9,Utilities,1035,1169.55
12/1/2017,9,Security,484,464.64
12/1/2017,9,Stationery,111,108.78
12/1/2017,9,Marketing,1944,2196.72
12/1/2017,9,Miscelaneous,1422,1294.02
1/1/2018,9,Salary,10990,11429.6
1/1/2018,9,Rent,4549,5185.86
1/1/2018,9,Utilities,776,690.64
1/1/2018,9,Security,496,426.56
1/1/2018,9,Stationery,112,128.8
1/1/2018,9,Marketing,3376,3240.96
1/1/2018,9,Miscelaneous,1368,1450.08
2/1/2018,9,Salary,10473,9530.43
2/1/2018,9,Rent,4550,5232.5
2/1/2018,9,Utilities,655,700.85
2/1/2018,9,Security,531,578.79
2/1/2018,9,Stationery,335,268
2/1/2018,9,Marketing,1962,1785.42
2/1/2018,9,Miscelaneous,1027,914.03
3/1/2018,9,Salary,11772,11772
3/1/2018,9,Rent,4551,4459.98
3/1/2018,9,Utilities,1240,1103.6
3/1/2018,9,Security,701,722.03
3/1/2018,9,Stationery,121,106.48
3/1/2018,9,Marketing,2857,2542.73
3/1/2018,9,Miscelaneous,1936,2032.8
4/1/2018,9,Salary,10960,11508
4/1/2018,9,Rent,4552,3778.16
4/1/2018,9,Utilities,778,793.56
4/1/2018,9,Security,577,652.01
4/1/2018,9,Stationery,264,219.12
4/1/2018,9,Marketing,2605,2891.55
4/1/2018,9,Miscelaneous,1542,1264.44
5/1/2018,9,Salary,14592,12840.96
5/1/2018,9,Rent,4553,5099.36
5/1/2018,9,Utilities,1037,985.15
5/1/2018,9,Security,594,576.18
5/1/2018,9,Stationery,118,134.52
5/1/2018,9,Marketing,3812,3659.52
5/1/2018,9,Miscelaneous,548,548
6/1/2018,9,Salary,12465,11343.15
6/1/2018,9,Rent,4554,4827.24
6/1/2018,9,Utilities,611,574.34
6/1/2018,9,Security,401,360.9
6/1/2018,9,Stationery,244,202.52
6/1/2018,9,Marketing,1889,1548.98
6/1/2018,9,Miscelaneous,1728,1866.24
7/1/2018,9,Salary,13408,15419.2
7/1/2018,9,Rent,4555,5056.05
7/1/2018,9,Utilities,621,621
7/1/2018,9,Security,685,637.05
7/1/2018,9,Stationery,165,181.5
7/1/2018,9,Marketing,3245,3212.55
7/1/2018,9,Miscelaneous,1909,1622.65
8/1/2018,9,Salary,14108,11427.48
8/1/2018,9,Rent,4556,4510.44
8/1/2018,9,Utilities,1183,1147.51
8/1/2018,9,Security,500,445
8/1/2018,9,Stationery,206,203.94
8/1/2018,9,Marketing,3718,3346.2
8/1/2018,9,Miscelaneous,770,723.8
9/1/2018,9,Salary,14610,15778.8
9/1/2018,9,Rent,4557,4557
9/1/2018,9,Utilities,692,650.48
9/1/2018,9,Security,835,793.25
9/1/2018,9,Stationery,147,132.3
9/1/2018,9,Marketing,3634,4070.08
9/1/2018,9,Miscelaneous,531,610.65
10/1/2018,9,Salary,13819,15062.71
10/1/2018,9,Rent,4558,3919.88
10/1/2018,9,Utilities,695,562.95
10/1/2018,9,Security,591,561.45
10/1/2018,9,Stationery,294,285.18
10/1/2018,9,Marketing,2753,3165.95
10/1/2018,9,Miscelaneous,802,737.84
11/1/2018,9,Salary,12069,12913.83
11/1/2018,9,Rent,4559,3647.2
11/1/2018,9,Utilities,1038,1058.76
11/1/2018,9,Security,676,554.32
11/1/2018,9,Stationery,274,268.52
11/1/2018,9,Marketing,3560,3595.6
11/1/2018,9,Miscelaneous,545,501.4
12/1/2018,9,Salary,12121,12727.05
12/1/2018,9,Rent,4560,4788
12/1/2018,9,Utilities,1450,1392
12/1/2018,9,Security,891,891
12/1/2018,9,Stationery,321,327.42
12/1/2018,9,Marketing,3007,3397.91
12/1/2018,9,Miscelaneous,882,723.24
1/1/2019,9,Salary,13866,15807.24
1/1/2019,9,Rent,4561,4013.68
1/1/2019,9,Utilities,875,883.75
1/1/2019,9,Security,588,564.48
1/1/2019,9,Stationery,147,163.17
1/1/2019,9,Marketing,3577,3219.3
1/1/2019,9,Miscelaneous,1507,1386.44
2/1/2019,9,Salary,12859,12087.46
2/1/2019,9,Rent,4562,4379.52
2/1/2019,9,Utilities,1204,1119.72
2/1/2019,9,Security,828,902.52
2/1/2019,9,Stationery,183,210.45
2/1/2019,9,Marketing,3288,3057.84
2/1/2019,9,Miscelaneous,1277,1455.78
3/1/2019,9,Salary,12205,11472.7
3/1/2019,9,Rent,4563,5201.82
3/1/2019,9,Utilities,1420,1405.8
3/1/2019,9,Security,833,924.63
3/1/2019,9,Stationery,183,206.79
3/1/2019,9,Marketing,3464,3325.44
3/1/2019,9,Miscelaneous,554,554
4/1/2019,9,Salary,11408,12206.56
4/1/2019,9,Rent,4564,4746.56
4/1/2019,9,Utilities,898,853.1
4/1/2019,9,Security,837,954.18
4/1/2019,9,Stationery,132,150.48
4/1/2019,9,Marketing,1817,2035.04
4/1/2019,9,Miscelaneous,928,807.36
5/1/2019,9,Salary,13639,12002.32
5/1/2019,9,Rent,4565,4747.6
5/1/2019,9,Utilities,676,561.08
5/1/2019,9,Security,871,844.87
5/1/2019,9,Stationery,273,308.49
5/1/2019,9,Marketing,2959,2455.97
5/1/2019,9,Miscelaneous,1289,1276.11
6/1/2019,9,Salary,12845,14643.3
6/1/2019,9,Rent,4566,4383.36
6/1/2019,9,Utilities,793,777.14
6/1/2019,9,Security,649,538.67
6/1/2019,9,Stationery,165,148.5
6/1/2019,9,Marketing,2837,2893.74
6/1/2019,9,Miscelaneous,517,496.32
7/1/2019,9,Salary,10946,12150.06
7/1/2019,9,Rent,4567,4384.32
7/1/2019,9,Utilities,931,1024.1
7/1/2019,9,Security,791,648.62
7/1/2019,9,Stationery,164,157.44
7/1/2019,9,Marketing,3400,3740
7/1/2019,9,Miscelaneous,1424,1424
8/1/2019,9,Salary,11358,12380.22
8/1/2019,9,Rent,4568,3882.8
8/1/2019,9,Utilities,766,743.02
8/1/2019,9,Security,870,739.5
8/1/2019,9,Stationery,158,170.64
8/1/2019,9,Marketing,2629,3023.35
8/1/2019,9,Miscelaneous,1501,1350.9
9/1/2019,9,Salary,10585,11008.4
9/1/2019,9,Rent,4569,4660.38
9/1/2019,9,Utilities,1114,1158.56
9/1/2019,9,Security,899,899
9/1/2019,9,Stationery,189,196.56
9/1/2019,9,Marketing,1879,1785.05
9/1/2019,9,Miscelaneous,549,554.49
10/1/2019,9,Salary,10745,9670.5
10/1/2019,9,Rent,4570,3930.2
10/1/2019,9,Utilities,1335,1148.1
10/1/2019,9,Security,750,840
10/1/2019,9,Stationery,165,143.55
10/1/2019,9,Marketing,3758,3119.14
10/1/2019,9,Miscelaneous,691,697.91
11/1/2019,9,Salary,10847,12040.17
11/1/2019,9,Rent,4571,3931.06
11/1/2019,9,Utilities,1438,1222.3
11/1/2019,9,Security,560,459.2
11/1/2019,9,Stationery,125,142.5
11/1/2019,9,Marketing,2525,2424
11/1/2019,9,Miscelaneous,1956,1897.32
12/1/2019,9,Salary,10351,8591.33
12/1/2019,9,Rent,4572,3840.48
12/1/2019,9,Utilities,1217,1192.66
12/1/2019,9,Security,701,715.02
12/1/2019,9,Stationery,242,205.7
12/1/2019,9,Marketing,3652,3871.12
12/1/2019,9,Miscelaneous,994,1103.34
1/1/2017,10,Salary,12271,13620.81
1/1/2017,10,Rent,4573,5030.3
1/1/2017,10,Utilities,1104,949.44
1/1/2017,10,Security,651,690.06
1/1/2017,10,Stationery,116,128.76
1/1/2017,10,Marketing,1641,1805.1
1/1/2017,10,Miscelaneous,1556,1509.32
2/1/2017,10,Salary,12917,10462.77
2/1/2017,10,Rent,4574,4436.78
2/1/2017,10,Utilities,1143,937.26
2/1/2017,10,Security,831,756.21
2/1/2017,10,Stationery,259,277.13
2/1/2017,10,Marketing,2527,2249.03
2/1/2017,10,Miscelaneous,1630,1564.8
3/1/2017,10,Salary,14250,13822.5
3/1/2017,10,Rent,4575,3888.75
3/1/2017,10,Utilities,1114,1036.02
3/1/2017,10,Security,684,738.72
3/1/2017,10,Stationery,220,200.2
3/1/2017,10,Marketing,3464,2875.12
3/1/2017,10,Miscelaneous,1740,1722.6
4/1/2017,10,Salary,12260,10298.4
4/1/2017,10,Rent,4576,3935.36
4/1/2017,10,Utilities,1261,1109.68
4/1/2017,10,Security,864,993.6
4/1/2017,10,Stationery,148,127.28
4/1/2017,10,Marketing,3617,3689.34
4/1/2017,10,Miscelaneous,641,512.8
5/1/2017,10,Salary,12204,13790.52
5/1/2017,10,Rent,4577,3890.45
5/1/2017,10,Utilities,1354,1516.48
5/1/2017,10,Security,761,875.15
5/1/2017,10,Stationery,347,374.76
5/1/2017,10,Marketing,2565,2693.25
5/1/2017,10,Miscelaneous,1601,1504.94
6/1/2017,10,Salary,13197,10689.57
6/1/2017,10,Rent,4578,5218.92
6/1/2017,10,Utilities,697,564.57
6/1/2017,10,Security,821,845.63
6/1/2017,10,Stationery,203,209.09
6/1/2017,10,Marketing,2411,2724.43
6/1/2017,10,Miscelaneous,758,864.12
7/1/2017,10,Salary,11478,12281.46
7/1/2017,10,Rent,4579,4441.63
7/1/2017,10,Utilities,1271,1283.71
7/1/2017,10,Security,411,472.65
7/1/2017,10,Stationery,187,170.17
7/1/2017,10,Marketing,3803,3308.61
7/1/2017,10,Miscelaneous,1209,1124.37
8/1/2017,10,Salary,13755,15543.15
8/1/2017,10,Rent,4580,4259.4
8/1/2017,10,Utilities,959,843.92
8/1/2017,10,Security,743,616.69
8/1/2017,10,Stationery,218,174.4
8/1/2017,10,Marketing,1946,2179.52
8/1/2017,10,Miscelaneous,1127,1262.24
9/1/2017,10,Salary,13857,14549.85
9/1/2017,10,Rent,4581,4626.81
9/1/2017,10,Utilities,1476,1284.12
9/1/2017,10,Security,860,920.2
9/1/2017,10,Stationery,280,235.2
9/1/2017,10,Marketing,3887,4236.83
9/1/2017,10,Miscelaneous,1412,1256.68
10/1/2017,10,Salary,13165,12111.8
10/1/2017,10,Rent,4582,4490.36
10/1/2017,10,Utilities,1203,1034.58
10/1/2017,10,Security,805,877.45
10/1/2017,10,Stationery,348,348
10/1/2017,10,Marketing,3079,2617.15
10/1/2017,10,Miscelaneous,868,763.84
11/1/2017,10,Salary,13151,13019.49
11/1/2017,10,Rent,4583,4903.81
11/1/2017,10,Utilities,1085,1009.05
11/1/2017,10,Security,553,481.11
11/1/2017,10,Stationery,139,133.44
11/1/2017,10,Marketing,3476,3232.68
11/1/2017,10,Miscelaneous,1973,1834.89
12/1/2017,10,Salary,12227,14061.05
12/1/2017,10,Rent,4584,4446.48
12/1/2017,10,Utilities,731,738.31
12/1/2017,10,Security,877,947.16
12/1/2017,10,Stationery,311,279.9
12/1/2017,10,Marketing,3093,2876.49
12/1/2017,10,Miscelaneous,1555,1772.7
1/1/2018,10,Salary,12151,11178.92
1/1/2018,10,Rent,4585,5043.5
1/1/2018,10,Utilities,778,855.8
1/1/2018,10,Security,499,563.87
1/1/2018,10,Stationery,118,94.4
1/1/2018,10,Marketing,3259,3128.64
1/1/2018,10,Miscelaneous,1951,1892.47
2/1/2018,10,Salary,14297,15011.85
2/1/2018,10,Rent,4586,3760.52
2/1/2018,10,Utilities,987,1036.35
2/1/2018,10,Security,830,771.9
2/1/2018,10,Stationery,202,210.08
2/1/2018,10,Marketing,1503,1623.24
2/1/2018,10,Miscelaneous,1124,1270.12
3/1/2018,10,Salary,11778,12602.46
3/1/2018,10,Rent,4587,3898.95
3/1/2018,10,Utilities,736,824.32
3/1/2018,10,Security,727,806.97
3/1/2018,10,Stationery,300,318
3/1/2018,10,Marketing,2096,1676.8
3/1/2018,10,Miscelaneous,836,710.6
4/1/2018,10,Salary,11810,12754.8
4/1/2018,10,Rent,4588,3670.4
4/1/2018,10,Utilities,775,643.25
4/1/2018,10,Security,792,657.36
4/1/2018,10,Stationery,304,255.36
4/1/2018,10,Marketing,2229,1939.23
4/1/2018,10,Miscelaneous,850,841.5
5/1/2018,10,Salary,13369,13235.31
5/1/2018,10,Rent,4589,3992.43
5/1/2018,10,Utilities,1365,1160.25
5/1/2018,10,Security,567,561.33
5/1/2018,10,Stationery,209,223.63
5/1/2018,10,Marketing,2333,2006.38
5/1/2018,10,Miscelaneous,1235,1086.8
6/1/2018,10,Salary,12359,13100.54
6/1/2018,10,Rent,4590,3763.8
6/1/2018,10,Utilities,959,987.77
6/1/2018,10,Security,522,537.66
6/1/2018,10,Stationery,344,278.64
6/1/2018,10,Marketing,3333,3799.62
6/1/2018,10,Miscelaneous,1184,970.88
7/1/2018,10,Salary,10735,9768.85
7/1/2018,10,Rent,4591,5004.19
7/1/2018,10,Utilities,1304,1460.48
7/1/2018,10,Security,850,748
7/1/2018,10,Stationery,111,89.91
7/1/2018,10,Marketing,2148,2040.6
7/1/2018,10,Miscelaneous,869,721.27
8/1/2018,10,Salary,13472,10777.6
8/1/2018,10,Rent,4592,4178.72
8/1/2018,10,Utilities,1276,1020.8
8/1/2018,10,Security,800,688
8/1/2018,10,Stationery,283,297.15
8/1/2018,10,Marketing,3368,3469.04
8/1/2018,10,Miscelaneous,1832,1960.24
9/1/2018,10,Salary,13266,10612.8
9/1/2018,10,Rent,4593,4409.28
9/1/2018,10,Utilities,989,969.22
9/1/2018,10,Security,713,734.39
9/1/2018,10,Stationery,331,340.93
9/1/2018,10,Marketing,1642,1871.88
9/1/2018,10,Miscelaneous,1774,1720.78
10/1/2018,10,Salary,12522,11645.46
10/1/2018,10,Rent,4594,4639.94
10/1/2018,10,Utilities,742,601.02
10/1/2018,10,Security,778,816.9
10/1/2018,10,Stationery,115,109.25
10/1/2018,10,Marketing,1779,1636.68
10/1/2018,10,Miscelaneous,1446,1460.46
11/1/2018,10,Salary,11482,11941.28
11/1/2018,10,Rent,4595,4411.2
11/1/2018,10,Utilities,1236,1359.6
11/1/2018,10,Security,801,728.91
11/1/2018,10,Stationery,117,133.38
11/1/2018,10,Marketing,2001,2281.14
11/1/2018,10,Miscelaneous,1043,1032.57
12/1/2018,10,Salary,12525,13902.75
12/1/2018,10,Rent,4596,4044.48
12/1/2018,10,Utilities,892,945.52
12/1/2018,10,Security,408,469.2
12/1/2018,10,Stationery,223,216.31
12/1/2018,10,Marketing,3887,3614.91
12/1/2018,10,Miscelaneous,1072,1114.88
1/1/2019,10,Salary,13097,14930.58
1/1/2019,10,Rent,4597,3769.54
1/1/2019,10,Utilities,740,732.6
1/1/2019,10,Security,536,482.4
1/1/2019,10,Stationery,221,212.16
1/1/2019,10,Marketing,3619,3220.91
1/1/2019,10,Miscelaneous,1506,1671.66
2/1/2019,10,Salary,10489,11642.79
2/1/2019,10,Rent,4598,4643.98
2/1/2019,10,Utilities,1308,1124.88
2/1/2019,10,Security,453,466.59
2/1/2019,10,Stationery,266,263.34
2/1/2019,10,Marketing,2341,2177.13
2/1/2019,10,Miscelaneous,864,855.36
3/1/2019,10,Salary,10398,10398
3/1/2019,10,Rent,4599,4690.98
3/1/2019,10,Utilities,1226,1311.82
3/1/2019,10,Security,751,781.04
3/1/2019,10,Stationery,305,256.2
3/1/2019,10,Marketing,3194,3034.3
3/1/2019,10,Miscelaneous,1631,1500.52
4/1/2019,10,Salary,11892,13437.96
4/1/2019,10,Rent,4600,5060
4/1/2019,10,Utilities,1320,1161.6
4/1/2019,10,Security,871,905.84
4/1/2019,10,Stationery,120,122.4
4/1/2019,10,Marketing,1998,1878.12
4/1/2019,10,Miscelaneous,1478,1197.18
5/1/2019,10,Salary,10306,8657.04
5/1/2019,10,Rent,4601,5015.09
5/1/2019,10,Utilities,1362,1239.42
5/1/2019,10,Security,648,615.6
5/1/2019,10,Stationery,301,240.8
5/1/2019,10,Marketing,3668,3668
5/1/2019,10,Miscelaneous,1459,1561.13
6/1/2019,10,Salary,14779,15517.95
6/1/2019,10,Rent,4602,4832.1
6/1/2019,10,Utilities,1285,1452.05
6/1/2019,10,Security,765,734.4
6/1/2019,10,Stationery,316,271.76
6/1/2019,10,Marketing,1705,1636.8
6/1/2019,10,Miscelaneous,1241,1042.44
7/1/2019,10,Salary,13505,12559.65
7/1/2019,10,Rent,4603,4787.12
7/1/2019,10,Utilities,1183,1265.81
7/1/2019,10,Security,571,605.26
7/1/2019,10,Stationery,159,162.18
7/1/2019,10,Marketing,2299,2436.94
7/1/2019,10,Miscelaneous,1157,1203.28
8/1/2019,10,Salary,14007,13866.93
8/1/2019,10,Rent,4604,4511.92
8/1/2019,10,Utilities,1117,982.96
8/1/2019,10,Security,715,579.15
8/1/2019,10,Stationery,135,140.4
8/1/2019,10,Marketing,3362,2924.94
8/1/2019,10,Miscelaneous,1711,1796.55
9/1/2019,10,Salary,10446,8774.64
9/1/2019,10,Rent,4605,4006.35
9/1/2019,10,Utilities,798,821.94
9/1/2019,10,Security,846,922.14
9/1/2019,10,Stationery,263,281.41
9/1/2019,10,Marketing,2601,2262.87
9/1/2019,10,Miscelaneous,1663,1330.4
10/1/2019,10,Salary,10661,10767.61
10/1/2019,10,Rent,4606,4559.94
10/1/2019,10,Utilities,694,756.46
10/1/2019,10,Security,758,780.74
10/1/2019,10,Stationery,164,155.8
10/1/2019,10,Marketing,1649,1319.2
10/1/2019,10,Miscelaneous,883,830.02
11/1/2019,10,Salary,10905,9487.35
11/1/2019,10,Rent,4607,4100.23
11/1/2019,10,Utilities,1135,1259.85
11/1/2019,10,Security,761,700.12
11/1/2019,10,Stationery,103,114.33
11/1/2019,10,Marketing,2470,2074.8
11/1/2019,10,Miscelaneous,914,950.56
12/1/2019,10,Salary,11247,11471.94
12/1/2019,10,Rent,4608,5253.12
12/1/2019,10,Utilities,1024,983.04
12/1/2019,10,Security,674,545.94
12/1/2019,10,Stationery,107,93.09
12/1/2019,10,Marketing,2628,2654.28
12/1/2019,10,Miscelaneous,707,721.14
1/1/2017,11,Salary,13448,12641.12
1/1/2017,11,Rent,4609,3871.56
1/1/2017,11,Utilities,684,608.76
1/1/2017,11,Security,878,737.52
1/1/2017,11,Stationery,305,244
1/1/2017,11,Marketing,2230,2363.8
1/1/2017,11,Miscelaneous,1154,1211.7
2/1/2017,11,Salary,11797,10853.24
2/1/2017,11,Rent,4610,4333.4
2/1/2017,11,Utilities,1380,1393.8
2/1/2017,11,Security,492,423.12
2/1/2017,11,Stationery,103,113.3
2/1/2017,11,Marketing,3877,3721.92
2/1/2017,11,Miscelaneous,1381,1450.05
3/1/2017,11,Salary,11080,12077.2
3/1/2017,11,Rent,4611,5072.1
3/1/2017,11,Utilities,666,666
3/1/2017,11,Security,450,409.5
3/1/2017,11,Stationery,136,133.28
3/1/2017,11,Marketing,2095,2199.75
3/1/2017,11,Miscelaneous,1764,1693.44
4/1/2017,11,Salary,12349,12225.51
4/1/2017,11,Rent,4612,4427.52
4/1/2017,11,Utilities,780,709.8
4/1/2017,11,Security,435,348
4/1/2017,11,Stationery,204,189.72
4/1/2017,11,Marketing,2609,2530.73
4/1/2017,11,Miscelaneous,726,660.66
5/1/2017,11,Salary,10962,11729.34
5/1/2017,11,Rent,4613,4382.35
5/1/2017,11,Utilities,1330,1223.6
5/1/2017,11,Security,416,395.2
5/1/2017,11,Stationery,335,345.05
5/1/2017,11,Marketing,1812,1830.12
5/1/2017,11,Miscelaneous,763,793.52
6/1/2017,11,Salary,14531,13513.83
6/1/2017,11,Rent,4614,5306.1
6/1/2017,11,Utilities,1443,1226.55
6/1/2017,11,Security,775,697.5
6/1/2017,11,Stationery,312,262.08
6/1/2017,11,Marketing,3207,2693.88
6/1/2017,11,Miscelaneous,1996,2295.4
7/1/2017,11,Salary,11565,12374.55
7/1/2017,11,Rent,4615,3784.3
7/1/2017,11,Utilities,758,788.32
7/1/2017,11,Security,845,794.3
7/1/2017,11,Stationery,179,164.68
7/1/2017,11,Marketing,3455,3869.6
7/1/2017,11,Miscelaneous,1205,1180.9
8/1/2017,11,Salary,14117,15528.7
8/1/2017,11,Rent,4616,4846.8
8/1/2017,11,Utilities,1319,1266.24
8/1/2017,11,Security,456,469.68
8/1/2017,11,Stationery,273,289.38
8/1/2017,11,Marketing,2052,1744.2
8/1/2017,11,Miscelaneous,1040,998.4
9/1/2017,11,Salary,13586,15623.9
9/1/2017,11,Rent,4617,4386.15
9/1/2017,11,Utilities,1000,980
9/1/2017,11,Security,502,431.72
9/1/2017,11,Stationery,108,119.88
9/1/2017,11,Marketing,3254,3319.08
9/1/2017,11,Miscelaneous,1283,1449.79
10/1/2017,11,Salary,13937,12822.04
10/1/2017,11,Rent,4618,4433.28
10/1/2017,11,Utilities,996,926.28
10/1/2017,11,Security,694,694
10/1/2017,11,Stationery,275,272.25
10/1/2017,11,Marketing,3092,3401.2
10/1/2017,11,Miscelaneous,1953,1640.52
11/1/2017,11,Salary,13525,10820
11/1/2017,11,Rent,4619,5127.09
11/1/2017,11,Utilities,1071,1113.84
11/1/2017,11,Security,875,708.75
11/1/2017,11,Stationery,102,107.1
11/1/2017,11,Marketing,1557,1728.27
11/1/2017,11,Miscelaneous,1978,2254.92
12/1/2017,11,Salary,14027,11361.87
12/1/2017,11,Rent,4620,4342.8
12/1/2017,11,Utilities,911,938.33
12/1/2017,11,Security,465,455.7
12/1/2017,11,Stationery,212,203.52
12/1/2017,11,Marketing,3352,3620.16
12/1/2017,11,Miscelaneous,1950,2008.5
1/1/2018,11,Salary,11760,10466.4
1/1/2018,11,Rent,4621,3974.06
1/1/2018,11,Utilities,1058,878.14
1/1/2018,11,Security,854,734.44
1/1/2018,11,Stationery,202,165.64
1/1/2018,11,Marketing,2156,2436.28
1/1/2018,11,Miscelaneous,1779,1529.94
2/1/2018,11,Salary,12928,11376.64
2/1/2018,11,Rent,4622,4113.58
2/1/2018,11,Utilities,1492,1536.76
2/1/2018,11,Security,434,429.66
2/1/2018,11,Stationery,281,258.52
2/1/2018,11,Marketing,2173,2107.81
2/1/2018,11,Miscelaneous,1025,1066
3/1/2018,11,Salary,14133,15546.3
3/1/2018,11,Rent,4623,4114.47
3/1/2018,11,Utilities,929,1003.32
3/1/2018,11,Security,877,964.7
3/1/2018,11,Stationery,296,331.52
3/1/2018,11,Marketing,2703,3000.33
3/1/2018,11,Miscelaneous,975,994.5
4/1/2018,11,Salary,13560,14780.4
4/1/2018,11,Rent,4624,4716.48
4/1/2018,11,Utilities,1373,1345.54
4/1/2018,11,Security,712,747.6
4/1/2018,11,Stationery,207,229.77
4/1/2018,11,Marketing,2646,2354.94
4/1/2018,11,Miscelaneous,767,759.33
5/1/2018,11,Salary,13612,12659.16
5/1/2018,11,Rent,4625,3700
5/1/2018,11,Utilities,748,650.76
5/1/2018,11,Security,638,510.4
5/1/2018,11,Stationery,222,182.04
5/1/2018,11,Marketing,1506,1701.78
5/1/2018,11,Miscelaneous,1212,1187.76
6/1/2018,11,Salary,12540,13794
6/1/2018,11,Rent,4626,4672.26
6/1/2018,11,Utilities,1248,1260.48
6/1/2018,11,Security,576,576
6/1/2018,11,Stationery,244,236.68
6/1/2018,11,Marketing,3376,3072.16
6/1/2018,11,Miscelaneous,584,502.24
7/1/2018,11,Salary,14136,14418.72
7/1/2018,11,Rent,4627,4118.03
7/1/2018,11,Utilities,1045,856.9
7/1/2018,11,Security,638,599.72
7/1/2018,11,Stationery,130,144.3
7/1/2018,11,Marketing,1847,1773.12
7/1/2018,11,Miscelaneous,867,884.34
8/1/2018,11,Salary,11755,9991.75
8/1/2018,11,Rent,4628,5229.64
8/1/2018,11,Utilities,1345,1129.8
8/1/2018,11,Security,858,763.62
8/1/2018,11,Stationery,186,195.3
8/1/2018,11,Marketing,2647,2223.48
8/1/2018,11,Miscelaneous,1555,1275.1
9/1/2018,11,Salary,12927,13314.81
9/1/2018,11,Rent,4629,3749.49
9/1/2018,11,Utilities,1101,1200.09
9/1/2018,11,Security,429,437.58
9/1/2018,11,Stationery,221,251.94
9/1/2018,11,Marketing,3684,4162.92
9/1/2018,11,Miscelaneous,1147,1043.77
10/1/2018,11,Salary,10985,9996.35
10/1/2018,11,Rent,4630,4213.3
10/1/2018,11,Utilities,826,892.08
10/1/2018,11,Security,647,627.59
10/1/2018,11,Stationery,268,284.08
10/1/2018,11,Marketing,3082,3421.02
10/1/2018,11,Miscelaneous,961,1028.27
11/1/2018,11,Salary,12602,12475.98
11/1/2018,11,Rent,4631,3843.73
11/1/2018,11,Utilities,712,590.96
11/1/2018,11,Security,658,579.04
11/1/2018,11,Stationery,288,267.84
11/1/2018,11,Marketing,2104,1956.72
11/1/2018,11,Miscelaneous,588,640.92
12/1/2018,11,Salary,10490,11748.8
12/1/2018,11,Rent,4632,4909.92
12/1/2018,11,Utilities,1229,1253.58
12/1/2018,11,Security,787,865.7
12/1/2018,11,Stationery,194,155.2
12/1/2018,11,Marketing,2584,2351.44
12/1/2018,11,Miscelaneous,659,691.95
1/1/2019,11,Salary,12784,11505.6
1/1/2019,11,Rent,4633,4030.71
1/1/2019,11,Utilities,892,954.44
1/1/2019,11,Security,697,745.79
1/1/2019,11,Stationery,295,333.35
1/1/2019,11,Marketing,3220,3381
1/1/2019,11,Miscelaneous,917,944.51
2/1/2019,11,Salary,14482,14047.54
2/1/2019,11,Rent,4634,4726.68
2/1/2019,11,Utilities,881,960.29
2/1/2019,11,Security,472,387.04
2/1/2019,11,Stationery,273,267.54
2/1/2019,11,Marketing,2652,2943.72
2/1/2019,11,Miscelaneous,1730,1747.3
3/1/2019,11,Salary,11155,9481.75
3/1/2019,11,Rent,4635,4820.4
3/1/2019,11,Utilities,765,734.4
3/1/2019,11,Security,802,858.14
3/1/2019,11,Stationery,234,234
3/1/2019,11,Marketing,2874,3305.1
3/1/2019,11,Miscelaneous,669,588.72
4/1/2019,11,Salary,12361,11866.56
4/1/2019,11,Rent,4636,4543.28
4/1/2019,11,Utilities,1474,1385.56
4/1/2019,11,Security,442,428.74
4/1/2019,11,Stationery,306,299.88
4/1/2019,11,Marketing,2145,2102.1
4/1/2019,11,Miscelaneous,1338,1244.34
5/1/2019,11,Salary,11344,9869.28
5/1/2019,11,Rent,4637,4451.52
5/1/2019,11,Utilities,621,521.64
5/1/2019,11,Security,574,574
5/1/2019,11,Stationery,248,230.64
5/1/2019,11,Marketing,1956,2151.6
5/1/2019,11,Miscelaneous,1477,1698.55
6/1/2019,11,Salary,14223,11947.32
6/1/2019,11,Rent,4638,4452.48
6/1/2019,11,Utilities,935,888.25
6/1/2019,11,Security,557,467.88
6/1/2019,11,Stationery,117,134.55
6/1/2019,11,Marketing,3138,2635.92
6/1/2019,11,Miscelaneous,813,788.61
7/1/2019,11,Salary,11822,10758.02
7/1/2019,11,Rent,4639,3989.54
7/1/2019,11,Utilities,760,684
7/1/2019,11,Security,680,605.2
7/1/2019,11,Stationery,256,212.48
7/1/2019,11,Marketing,3608,2922.48
7/1/2019,11,Miscelaneous,1660,1427.6
8/1/2019,11,Salary,12366,10511.1
8/1/2019,11,Rent,4640,5289.6
8/1/2019,11,Utilities,864,751.68
8/1/2019,11,Security,610,561.2
8/1/2019,11,Stationery,235,258.5
8/1/2019,11,Marketing,2300,2185
8/1/2019,11,Miscelaneous,1383,1465.98
9/1/2019,11,Salary,13629,14719.32
9/1/2019,11,Rent,4641,4316.13
9/1/2019,11,Utilities,814,911.68
9/1/2019,11,Security,494,454.48
9/1/2019,11,Stationery,135,147.15
9/1/2019,11,Marketing,1981,2218.72
9/1/2019,11,Miscelaneous,1122,1290.3
10/1/2019,11,Salary,12931,14353.41
10/1/2019,11,Rent,4642,4549.16
10/1/2019,11,Utilities,1459,1619.49
10/1/2019,11,Security,536,568.16
10/1/2019,11,Stationery,247,261.82
10/1/2019,11,Marketing,2918,2509.48
10/1/2019,11,Miscelaneous,1613,1725.91
11/1/2019,11,Salary,14776,16253.6
11/1/2019,11,Rent,4643,4410.85
11/1/2019,11,Utilities,883,953.64
11/1/2019,11,Security,731,694.45
11/1/2019,11,Stationery,224,181.44
11/1/2019,11,Marketing,3468,3190.56
11/1/2019,11,Miscelaneous,1065,979.8
12/1/2019,11,Salary,13441,15053.92
12/1/2019,11,Rent,4644,4040.28
12/1/2019,11,Utilities,1099,1263.85
12/1/2019,11,Security,790,782.1
12/1/2019,11,Stationery,320,300.8
12/1/2019,11,Marketing,3040,2705.6
12/1/2019,11,Miscelaneous,1570,1585.7
1/1/2017,12,Salary,10907,10579.79
1/1/2017,12,Rent,4645,5295.3
1/1/2017,12,Utilities,1495,1330.55
1/1/2017,12,Security,897,914.94
1/1/2017,12,Stationery,289,248.54
1/1/2017,12,Marketing,2733,3115.62
1/1/2017,12,Miscelaneous,1754,1859.24
2/1/2017,12,Salary,13758,14308.32
2/1/2017,12,Rent,4646,3995.56
2/1/2017,12,Utilities,807,895.77
2/1/2017,12,Security,803,650.43
2/1/2017,12,Stationery,152,167.2
2/1/2017,12,Marketing,3699,3920.94
2/1/2017,12,Miscelaneous,922,756.04
3/1/2017,12,Salary,14231,13377.14
3/1/2017,12,Rent,4647,4275.24
3/1/2017,12,Utilities,1242,1279.26
3/1/2017,12,Security,772,625.32
3/1/2017,12,Stationery,338,290.68
3/1/2017,12,Marketing,2245,2200.1
3/1/2017,12,Miscelaneous,1482,1452.36
4/1/2017,12,Salary,14712,16624.56
4/1/2017,12,Rent,4648,4648
4/1/2017,12,Utilities,647,614.65
4/1/2017,12,Security,630,642.6
4/1/2017,12,Stationery,136,145.52
4/1/2017,12,Marketing,1521,1642.68
4/1/2017,12,Miscelaneous,812,747.04
5/1/2017,12,Salary,14941,17182.15
5/1/2017,12,Rent,4649,4556.02
5/1/2017,12,Utilities,1419,1560.9
5/1/2017,12,Security,841,748.49
5/1/2017,12,Stationery,270,272.7
5/1/2017,12,Marketing,3645,3134.7
5/1/2017,12,Miscelaneous,1000,1140
6/1/2017,12,Salary,12127,13460.97
6/1/2017,12,Rent,4650,4557
6/1/2017,12,Utilities,1096,1085.04
6/1/2017,12,Security,421,450.47
6/1/2017,12,Stationery,171,194.94
6/1/2017,12,Marketing,1560,1731.6
6/1/2017,12,Miscelaneous,1161,1126.17
7/1/2017,12,Salary,11336,9408.88
7/1/2017,12,Rent,4651,4046.37
7/1/2017,12,Utilities,855,863.55
7/1/2017,12,Security,448,421.12
7/1/2017,12,Stationery,147,169.05
7/1/2017,12,Marketing,3149,2897.08
7/1/2017,12,Miscelaneous,1965,2141.85
8/1/2017,12,Salary,13858,15936.7
8/1/2017,12,Rent,4652,4605.48
8/1/2017,12,Utilities,893,776.91
8/1/2017,12,Security,517,589.38
8/1/2017,12,Stationery,104,91.52
8/1/2017,12,Marketing,3083,2990.51
8/1/2017,12,Miscelaneous,555,549.45
9/1/2017,12,Salary,12121,11151.32
9/1/2017,12,Rent,4653,4699.53
9/1/2017,12,Utilities,698,781.76
9/1/2017,12,Security,526,483.92
9/1/2017,12,Stationery,210,197.4
9/1/2017,12,Marketing,3705,3075.15
9/1/2017,12,Miscelaneous,1263,1161.96
10/1/2017,12,Salary,13779,11849.94
10/1/2017,12,Rent,4654,3816.28
10/1/2017,12,Utilities,1259,1145.69
10/1/2017,12,Security,665,591.85
10/1/2017,12,Stationery,147,148.47
10/1/2017,12,Marketing,3752,3752
10/1/2017,12,Miscelaneous,1235,1296.75
11/1/2017,12,Salary,12859,12730.41
11/1/2017,12,Rent,4655,5027.4
11/1/2017,12,Utilities,1488,1607.04
11/1/2017,12,Security,799,759.05
11/1/2017,12,Stationery,105,84
11/1/2017,12,Marketing,2905,3021.2
11/1/2017,12,Miscelaneous,1530,1652.4
12/1/2017,12,Salary,14151,12594.39
12/1/2017,12,Rent,4656,3771.36
12/1/2017,12,Utilities,1251,1388.61
12/1/2017,12,Security,498,532.86
12/1/2017,12,Stationery,293,251.98
12/1/2017,12,Marketing,2945,2562.15
12/1/2017,12,Miscelaneous,1258,1081.88
1/1/2018,12,Salary,13389,13121.22
1/1/2018,12,Rent,4657,4284.44
1/1/2018,12,Utilities,920,1048.8
1/1/2018,12,Security,620,582.8
1/1/2018,12,Stationery,117,99.45
1/1/2018,12,Marketing,3688,3798.64
1/1/2018,12,Miscelaneous,1649,1319.2
2/1/2018,12,Salary,13314,11316.9
2/1/2018,12,Rent,4658,4052.46
2/1/2018,12,Utilities,652,580.28
2/1/2018,12,Security,844,810.24
2/1/2018,12,Stationery,167,192.05
2/1/2018,12,Marketing,2677,2382.53
2/1/2018,12,Miscelaneous,1171,1299.81
3/1/2018,12,Salary,13858,15659.54
3/1/2018,12,Rent,4659,5078.31
3/1/2018,12,Utilities,1073,1158.84
3/1/2018,12,Security,860,791.2
3/1/2018,12,Stationery,333,372.96
3/1/2018,12,Marketing,2371,2371
3/1/2018,12,Miscelaneous,1901,1539.81
4/1/2018,12,Salary,11041,11813.87
4/1/2018,12,Rent,4660,4147.4
4/1/2018,12,Utilities,717,638.13
4/1/2018,12,Security,863,724.92
4/1/2018,12,Stationery,188,171.08
4/1/2018,12,Marketing,2620,2934.4
4/1/2018,12,Miscelaneous,730,788.4
5/1/2018,12,Salary,12842,12713.58
5/1/2018,12,Rent,4661,4194.9
5/1/2018,12,Utilities,901,1009.12
5/1/2018,12,Security,465,395.25
5/1/2018,12,Stationery,293,307.65
5/1/2018,12,Marketing,2526,2197.62
5/1/2018,12,Miscelaneous,1357,1384.14
6/1/2018,12,Salary,12520,13521.6
6/1/2018,12,Rent,4662,5128.2
6/1/2018,12,Utilities,607,661.63
6/1/2018,12,Security,689,606.32
6/1/2018,12,Stationery,284,272.64
6/1/2018,12,Marketing,2504,2178.48
6/1/2018,12,Miscelaneous,1403,1136.43
7/1/2018,12,Salary,11336,11336
7/1/2018,12,Rent,4663,4849.52
7/1/2018,12,Utilities,1008,876.96
7/1/2018,12,Security,862,939.58
7/1/2018,12,Stationery,336,268.8
7/1/2018,12,Marketing,1864,2031.76
7/1/2018,12,Miscelaneous,842,858.84
8/1/2018,12,Salary,13770,12393
8/1/2018,12,Rent,4664,5270.32
8/1/2018,12,Utilities,1450,1174.5
8/1/2018,12,Security,727,661.57
8/1/2018,12,Stationery,191,217.74
8/1/2018,12,Marketing,3787,4165.7
8/1/2018,12,Miscelaneous,1189,1022.54
9/1/2018,12,Salary,12762,11485.8
9/1/2018,12,Rent,4665,4571.7
9/1/2018,12,Utilities,1188,1033.56
9/1/2018,12,Security,575,575
9/1/2018,12,Stationery,133,150.29
9/1/2018,12,Marketing,3581,2900.61
9/1/2018,12,Miscelaneous,1953,1894.41
10/1/2018,12,Salary,11796,12621.72
10/1/2018,12,Rent,4666,4899.3
10/1/2018,12,Utilities,793,896.09
10/1/2018,12,Security,632,701.52
10/1/2018,12,Stationery,239,224.66
10/1/2018,12,Marketing,2032,1727.2
10/1/2018,12,Miscelaneous,824,766.32
11/1/2018,12,Salary,13469,12930.24
11/1/2018,12,Rent,4667,4526.99
11/1/2018,12,Utilities,773,888.95
11/1/2018,12,Security,835,768.2
11/1/2018,12,Stationery,276,253.92
11/1/2018,12,Marketing,2785,3174.9
11/1/2018,12,Miscelaneous,1217,1107.47
12/1/2018,12,Salary,12418,14280.7
12/1/2018,12,Rent,4668,4714.68
12/1/2018,12,Utilities,705,683.85
12/1/2018,12,Security,772,671.64
12/1/2018,12,Stationery,179,144.99
12/1/2018,12,Marketing,3744,3669.12
12/1/2018,12,Miscelaneous,909,899.91
1/1/2019,12,Salary,11322,10869.12
1/1/2019,12,Rent,4669,4902.45
1/1/2019,12,Utilities,794,889.28
1/1/2019,12,Security,571,645.23
1/1/2019,12,Stationery,344,385.28
1/1/2019,12,Marketing,2322,2136.24
1/1/2019,12,Miscelaneous,1879,2085.69
2/1/2019,12,Salary,13615,13342.7
2/1/2019,12,Rent,4670,4016.2
2/1/2019,12,Utilities,1319,1424.52
2/1/2019,12,Security,860,937.4
2/1/2019,12,Stationery,203,213.15
2/1/2019,12,Marketing,2176,2306.56
2/1/2019,12,Miscelaneous,1192,1370.8
3/1/2019,12,Salary,11595,9855.75
3/1/2019,12,Rent,4671,4203.9
3/1/2019,12,Utilities,714,621.18
3/1/2019,12,Security,448,362.88
3/1/2019,12,Stationery,135,128.25
3/1/2019,12,Marketing,3605,4073.65
3/1/2019,12,Miscelaneous,1820,2074.8
4/1/2019,12,Salary,11978,12337.34
4/1/2019,12,Rent,4672,4531.84
4/1/2019,12,Utilities,908,998.8
4/1/2019,12,Security,478,492.34
4/1/2019,12,Stationery,140,145.6
4/1/2019,12,Marketing,1909,1641.74
4/1/2019,12,Miscelaneous,1746,1798.38
5/1/2019,12,Salary,12721,11067.27
5/1/2019,12,Rent,4673,4112.24
5/1/2019,12,Utilities,987,888.3
5/1/2019,12,Security,880,941.6
5/1/2019,12,Stationery,101,90.9
5/1/2019,12,Marketing,2522,2345.46
5/1/2019,12,Miscelaneous,740,651.2
6/1/2019,12,Salary,13638,12410.58
6/1/2019,12,Rent,4674,4720.74
6/1/2019,12,Utilities,1187,1020.82
6/1/2019,12,Security,471,536.94
6/1/2019,12,Stationery,130,120.9
6/1/2019,12,Marketing,2807,3087.7
6/1/2019,12,Miscelaneous,1541,1479.36
7/1/2019,12,Salary,12470,11098.3
7/1/2019,12,Rent,4675,4067.25
7/1/2019,12,Utilities,1205,1337.55
7/1/2019,12,Security,624,561.6
7/1/2019,12,Stationery,241,269.92
7/1/2019,12,Marketing,2140,2097.2
7/1/2019,12,Miscelaneous,1055,928.4
8/1/2019,12,Salary,10528,11791.36
8/1/2019,12,Rent,4676,5283.88
8/1/2019,12,Utilities,1332,1411.92
8/1/2019,12,Security,866,935.28
8/1/2019,12,Stationery,154,170.94
8/1/2019,12,Marketing,2902,3192.2
8/1/2019,12,Miscelaneous,797,661.51
9/1/2019,12,Salary,13010,13790.6
9/1/2019,12,Rent,4677,4115.76
9/1/2019,12,Utilities,1314,1340.28
9/1/2019,12,Security,454,517.56
9/1/2019,12,Stationery,265,304.75
9/1/2019,12,Marketing,3834,4294.08
9/1/2019,12,Miscelaneous,1638,1621.62
10/1/2019,12,Salary,14579,14433.21
10/1/2019,12,Rent,4678,4069.86
10/1/2019,12,Utilities,1473,1576.11
10/1/2019,12,Security,535,567.1
10/1/2019,12,Stationery,292,312.44
10/1/2019,12,Marketing,2898,2955.96
10/1/2019,12,Miscelaneous,1370,1548.1
11/1/2019,12,Salary,14296,13724.16
11/1/2019,12,Rent,4679,4585.42
11/1/2019,12,Utilities,1288,1146.32
11/1/2019,12,Security,694,652.36
11/1/2019,12,Stationery,118,129.8
11/1/2019,12,Marketing,3895,4440.3
11/1/2019,12,Miscelaneous,723,694.08
12/1/2019,12,Salary,11597,12524.76
12/1/2019,12,Rent,4680,5241.6
12/1/2019,12,Utilities,831,789.45
12/1/2019,12,Security,720,633.6
12/1/2019,12,Stationery,147,151.41
12/1/2019,12,Marketing,3786,3142.38
12/1/2019,12,Miscelaneous,1078,1034.88
,,,,
,,,,
,,,,
,,,,
,,,,
